file_name,Name,label
file0.wav,Red-whiskered Bulbul - Pycnonotus jocosus,0
file1.wav,Red-whiskered Bulbul - Pycnonotus jocosus,0
file2.wav,Red-whiskered Bulbul - Pycnonotus jocosus,0
file3.wav,Red-whiskered Bulbul - Pycnonotus jocosus,0
file4.wav,Red-whiskered Bulbul - Pycnonotus jocosus,0
file5.wav,Red-whiskered Bulbul - Pycnonotus jocosus,0
file6.wav,Red-whiskered Bulbul - Pycnonotus jocosus,0
file7.wav,Red-whiskered Bulbul - Pycnonotus jocosus,0
file8.wav,Red-whiskered Bulbul - Pycnonotus jocosus,0
file9.wav,Red-whiskered Bulbul - Pycnonotus jocosus,0
file10.wav,Red-whiskered Bulbul - Pycnonotus jocosus,0
file11.wav,Red-whiskered Bulbul - Pycnonotus jocosus,0
file12.wav,Red-whiskered Bulbul - Pycnonotus jocosus,0
file13.wav,Red-whiskered Bulbul - Pycnonotus jocosus,0
file14.wav,Red-whiskered Bulbul - Pycnonotus jocosus,0
file15.wav,Red-whiskered Bulbul - Pycnonotus jocosus,0
file16.wav,Great Tit - Parus major,1
file17.wav,Great Tit - Parus major,1
file18.wav,Great Tit - Parus major,1
file19.wav,Great Tit - Parus major,1
file20.wav,Great Tit - Parus major,1
file21.wav,Great Tit - Parus major,1
file22.wav,Great Tit - Parus major,1
file23.wav,Great Tit - Parus major,1
file24.wav,Great Tit - Parus major,1
file25.wav,Great Tit - Parus major,1
file26.wav,Great Tit - Parus major,1
file27.wav,Great Tit - Parus major,1
file28.wav,Great Tit - Parus major,1
file29.wav,Great Tit - Parus major,1
file30.wav,Great Tit - Parus major,1
file31.wav,Great Tit - Parus major,1
file32.wav,Great Tit - Parus major,1
file33.wav,Great Tit - Parus major,1
file34.wav,Great Tit - Parus major,1
file35.wav,Great Tit - Parus major,1
file36.wav,Great Tit - Parus major,1
file37.wav,Great Tit - Parus major,1
file38.wav,Great Tit - Parus major,1
file39.wav,Great Tit - Parus major,1
file40.wav,Willow Warbler - Phylloscopus trochilus,2
file41.wav,Willow Warbler - Phylloscopus trochilus,2
file42.wav,Willow Warbler - Phylloscopus trochilus,2
file43.wav,Willow Warbler - Phylloscopus trochilus,2
file44.wav,Willow Warbler - Phylloscopus trochilus,2
file45.wav,Willow Warbler - Phylloscopus trochilus,2
file46.wav,Willow Warbler - Phylloscopus trochilus,2
file47.wav,Willow Warbler - Phylloscopus trochilus,2
file48.wav,Willow Warbler - Phylloscopus trochilus,2
file49.wav,Willow Warbler - Phylloscopus trochilus,2
file50.wav,Willow Warbler - Phylloscopus trochilus,2
file51.wav,Willow Warbler - Phylloscopus trochilus,2
file52.wav,Willow Warbler - Phylloscopus trochilus,2
file53.wav,Willow Warbler - Phylloscopus trochilus,2
file54.wav,Willow Warbler - Phylloscopus trochilus,2
file55.wav,Willow Warbler - Phylloscopus trochilus,2
file56.wav,European Pied Flycatcher - Ficedula hypoleuca,3
file57.wav,European Pied Flycatcher - Ficedula hypoleuca,3
file58.wav,European Pied Flycatcher - Ficedula hypoleuca,3
file59.wav,European Pied Flycatcher - Ficedula hypoleuca,3
file60.wav,European Pied Flycatcher - Ficedula hypoleuca,3
file61.wav,European Pied Flycatcher - Ficedula hypoleuca,3
file62.wav,European Pied Flycatcher - Ficedula hypoleuca,3
file63.wav,European Pied Flycatcher - Ficedula hypoleuca,3
file64.wav,European Pied Flycatcher - Ficedula hypoleuca,3
file65.wav,European Pied Flycatcher - Ficedula hypoleuca,3
file66.wav,European Pied Flycatcher - Ficedula hypoleuca,3
file67.wav,European Pied Flycatcher - Ficedula hypoleuca,3
file68.wav,European Pied Flycatcher - Ficedula hypoleuca,3
file69.wav,European Pied Flycatcher - Ficedula hypoleuca,3
file70.wav,European Pied Flycatcher - Ficedula hypoleuca,3
file71.wav,European Pied Flycatcher - Ficedula hypoleuca,3
file72.wav,European Pied Flycatcher - Ficedula hypoleuca,3
file73.wav,European Pied Flycatcher - Ficedula hypoleuca,3
file74.wav,European Pied Flycatcher - Ficedula hypoleuca,3
file75.wav,European Pied Flycatcher - Ficedula hypoleuca,3
file76.wav,European Pied Flycatcher - Ficedula hypoleuca,3
file77.wav,European Pied Flycatcher - Ficedula hypoleuca,3
file78.wav,European Pied Flycatcher - Ficedula hypoleuca,3
file79.wav,European Pied Flycatcher - Ficedula hypoleuca,3
file80.wav,European Pied Flycatcher - Ficedula hypoleuca,3
file81.wav,European Pied Flycatcher - Ficedula hypoleuca,3
file82.wav,European Pied Flycatcher - Ficedula hypoleuca,3
file83.wav,European Pied Flycatcher - Ficedula hypoleuca,3
file84.wav,European Pied Flycatcher - Ficedula hypoleuca,3
file85.wav,European Pied Flycatcher - Ficedula hypoleuca,3
file86.wav,Common Blackbird - Turdus merula,4
file87.wav,Common Blackbird - Turdus merula,4
file88.wav,Common Blackbird - Turdus merula,4
file89.wav,Common Blackbird - Turdus merula,4
file90.wav,Common Blackbird - Turdus merula,4
file91.wav,Common Blackbird - Turdus merula,4
file92.wav,Common Blackbird - Turdus merula,4
file93.wav,Common Blackbird - Turdus merula,4
file94.wav,Common Blackbird - Turdus merula,4
file95.wav,Common Blackbird - Turdus merula,4
file96.wav,Common Blackbird - Turdus merula,4
file97.wav,Common Blackbird - Turdus merula,4
file98.wav,Common Blackbird - Turdus merula,4
file99.wav,Common Blackbird - Turdus merula,4
file100.wav,Common Blackbird - Turdus merula,4
file101.wav,Common Blackbird - Turdus merula,4
file102.wav,Common Blackbird - Turdus merula,4
file103.wav,Common Blackbird - Turdus merula,4
file104.wav,Common Blackbird - Turdus merula,4
file105.wav,Common Blackbird - Turdus merula,4
file106.wav,Common Blackbird - Turdus merula,4
file107.wav,Common Redstart - Phoenicurus phoenicurus,5
file108.wav,Common Redstart - Phoenicurus phoenicurus,5
file109.wav,Common Redstart - Phoenicurus phoenicurus,5
file110.wav,Common Redstart - Phoenicurus phoenicurus,5
file111.wav,Common Redstart - Phoenicurus phoenicurus,5
file112.wav,Common Redstart - Phoenicurus phoenicurus,5
file113.wav,Common Redstart - Phoenicurus phoenicurus,5
file114.wav,Common Redstart - Phoenicurus phoenicurus,5
file115.wav,Common Redstart - Phoenicurus phoenicurus,5
file116.wav,Common Redstart - Phoenicurus phoenicurus,5
file117.wav,Common Redstart - Phoenicurus phoenicurus,5
file118.wav,Common Redstart - Phoenicurus phoenicurus,5
file119.wav,Common Redstart - Phoenicurus phoenicurus,5
file120.wav,Common Redstart - Phoenicurus phoenicurus,5
file121.wav,Common Redstart - Phoenicurus phoenicurus,5
file122.wav,Common Redstart - Phoenicurus phoenicurus,5
file123.wav,Common Redstart - Phoenicurus phoenicurus,5
file124.wav,Common Redstart - Phoenicurus phoenicurus,5
file125.wav,Common Redstart - Phoenicurus phoenicurus,5
file126.wav,Common Redstart - Phoenicurus phoenicurus,5
file127.wav,Common Redstart - Phoenicurus phoenicurus,5
file128.wav,Common Redstart - Phoenicurus phoenicurus,5
file129.wav,Common Redstart - Phoenicurus phoenicurus,5
file130.wav,Common Redstart - Phoenicurus phoenicurus,5
file131.wav,Greenish Warbler - Phylloscopus trochiloides viridanus,6
file132.wav,Greenish Warbler - Phylloscopus trochiloides viridanus,6
file133.wav,Greenish Warbler - Phylloscopus trochiloides viridanus,6
file134.wav,Greenish Warbler - Phylloscopus trochiloides viridanus,6
file135.wav,Greenish Warbler - Phylloscopus trochiloides viridanus,6
file136.wav,Greenish Warbler - Phylloscopus trochiloides viridanus,6
file137.wav,Greenish Warbler - Phylloscopus trochiloides viridanus,6
file138.wav,Greenish Warbler - Phylloscopus trochiloides viridanus,6
file139.wav,Greenish Warbler - Phylloscopus trochiloides viridanus,6
file140.wav,Greenish Warbler - Phylloscopus trochiloides viridanus,6
file141.wav,Greenish Warbler - Phylloscopus trochiloides viridanus,6
file142.wav,Greenish Warbler - Phylloscopus trochiloides viridanus,6
file143.wav,Greenish Warbler - Phylloscopus trochiloides viridanus,6
file144.wav,Greenish Warbler - Phylloscopus trochiloides viridanus,6
file145.wav,Greenish Warbler - Phylloscopus trochiloides viridanus,6
file146.wav,Greenish Warbler - Phylloscopus trochiloides viridanus,6
file147.wav,Greenish Warbler - Phylloscopus trochiloides viridanus,6
file148.wav,Greenish Warbler - Phylloscopus trochiloides viridanus,6
file149.wav,Greenish Warbler - Phylloscopus trochiloides viridanus,6
file150.wav,Greenish Warbler - Phylloscopus trochiloides viridanus,6
file151.wav,Greenish Warbler - Phylloscopus trochiloides viridanus,6
file152.wav,Greenish Warbler - Phylloscopus trochiloides viridanus,6
file153.wav,Greenish Warbler - Phylloscopus trochiloides viridanus,6
file154.wav,Greenish Warbler - Phylloscopus trochiloides viridanus,6
file155.wav,Blue Jay - Cyanocitta cristata,7
file156.wav,Blue Jay - Cyanocitta cristata,7
file157.wav,Blue Jay - Cyanocitta cristata,7
file158.wav,Blue Jay - Cyanocitta cristata,7
file159.wav,Blue Jay - Cyanocitta cristata,7
file160.wav,Blue Jay - Cyanocitta cristata,7
file161.wav,Blue Jay - Cyanocitta cristata,7
file162.wav,Blue Jay - Cyanocitta cristata,7
file163.wav,Blue Jay - Cyanocitta cristata,7
file164.wav,Blue Jay - Cyanocitta cristata,7
file165.wav,Blue Jay - Cyanocitta cristata,7
file166.wav,Blue Jay - Cyanocitta cristata,7
file167.wav,Blue Jay - Cyanocitta cristata,7
file168.wav,Blue Jay - Cyanocitta cristata,7
file169.wav,Blue Jay - Cyanocitta cristata,7
file170.wav,Blue Jay - Cyanocitta cristata,7
file171.wav,Blue Jay - Cyanocitta cristata,7
file172.wav,Blue Jay - Cyanocitta cristata,7
file173.wav,Blue Jay - Cyanocitta cristata,7
file174.wav,Common Snipe - Gallinago gallinago,8
file175.wav,Common Snipe - Gallinago gallinago,8
file176.wav,Common Snipe - Gallinago gallinago,8
file177.wav,Common Snipe - Gallinago gallinago,8
file178.wav,Common Snipe - Gallinago gallinago,8
file179.wav,Common Snipe - Gallinago gallinago,8
file180.wav,Common Snipe - Gallinago gallinago,8
file181.wav,Common Snipe - Gallinago gallinago,8
file182.wav,Common Snipe - Gallinago gallinago,8
file183.wav,Common Snipe - Gallinago gallinago,8
file184.wav,Common Snipe - Gallinago gallinago,8
file185.wav,Common Snipe - Gallinago gallinago,8
file186.wav,Common Snipe - Gallinago gallinago,8
file187.wav,Common Snipe - Gallinago gallinago,8
file188.wav,Common Snipe - Gallinago gallinago,8
file189.wav,Common Snipe - Gallinago gallinago,8
file190.wav,Common Snipe - Gallinago gallinago,8
file191.wav,Common Snipe - Gallinago gallinago,8
file192.wav,Common Snipe - Gallinago gallinago,8
file193.wav,Common Snipe - Gallinago gallinago,8
file194.wav,Common Snipe - Gallinago gallinago,8
file195.wav,Common Snipe - Gallinago gallinago,8
file196.wav,Whistling Duck - Dendrocygna viduata,9
file197.wav,Whistling Duck - Dendrocygna viduata,9
file198.wav,Whistling Duck - Dendrocygna viduata,9
file199.wav,Whistling Duck - Dendrocygna viduata,9
file200.wav,Whistling Duck - Dendrocygna viduata,9
file201.wav,Whistling Duck - Dendrocygna viduata,9
file202.wav,Whistling Duck - Dendrocygna viduata,9
file203.wav,Whistling Duck - Dendrocygna viduata,9
file204.wav,Whistling Duck - Dendrocygna viduata,9
file205.wav,Whistling Duck - Dendrocygna viduata,9
file206.wav,Whistling Duck - Dendrocygna viduata,9
file207.wav,Whistling Duck - Dendrocygna viduata,9
file208.wav,Whistling Duck - Dendrocygna viduata,9
file209.wav,Whistling Duck - Dendrocygna viduata,9
file210.wav,Whistling Duck - Dendrocygna viduata,9
file211.wav,Whistling Duck - Dendrocygna viduata,9
file212.wav,Whistling Duck - Dendrocygna viduata,9
file213.wav,Whistling Duck - Dendrocygna viduata,9
file214.wav,Red-whiskered Bulbul - Pycnonotus jocosus,0
file215.wav,Red-whiskered Bulbul - Pycnonotus jocosus,0
file216.wav,Red-whiskered Bulbul - Pycnonotus jocosus,0
file217.wav,Red-whiskered Bulbul - Pycnonotus jocosus,0
file218.wav,Red-whiskered Bulbul - Pycnonotus jocosus,0
file219.wav,Red-whiskered Bulbul - Pycnonotus jocosus,0
file220.wav,Red-whiskered Bulbul - Pycnonotus jocosus,0
file221.wav,Red-whiskered Bulbul - Pycnonotus jocosus,0
file222.wav,Red-whiskered Bulbul - Pycnonotus jocosus,0
file223.wav,Red-whiskered Bulbul - Pycnonotus jocosus,0
file224.wav,Red-whiskered Bulbul - Pycnonotus jocosus,0
file225.wav,Red-whiskered Bulbul - Pycnonotus jocosus,0
file226.wav,Red-whiskered Bulbul - Pycnonotus jocosus,0
file227.wav,Red-whiskered Bulbul - Pycnonotus jocosus,0
file228.wav,Red-whiskered Bulbul - Pycnonotus jocosus,0
file229.wav,Red-whiskered Bulbul - Pycnonotus jocosus,0
file230.wav,Red-whiskered Bulbul - Pycnonotus jocosus,0
file231.wav,Red-whiskered Bulbul - Pycnonotus jocosus,0
file232.wav,Red-whiskered Bulbul - Pycnonotus jocosus,0
file233.wav,Red-whiskered Bulbul - Pycnonotus jocosus,0
file234.wav,Red-whiskered Bulbul - Pycnonotus jocosus,0
file235.wav,Red-whiskered Bulbul - Pycnonotus jocosus,0
file236.wav,Great Tit - Parus major,1
file237.wav,Great Tit - Parus major,1
file238.wav,Great Tit - Parus major,1
file239.wav,Great Tit - Parus major,1
file240.wav,Great Tit - Parus major,1
file241.wav,Great Tit - Parus major,1
file242.wav,Great Tit - Parus major,1
file243.wav,Great Tit - Parus major,1
file244.wav,Great Tit - Parus major,1
file245.wav,Great Tit - Parus major,1
file246.wav,Great Tit - Parus major,1
file247.wav,Great Tit - Parus major,1
file248.wav,Great Tit - Parus major,1
file249.wav,Great Tit - Parus major,1
file250.wav,Great Tit - Parus major,1
file251.wav,Great Tit - Parus major,1
file252.wav,Great Tit - Parus major,1
file253.wav,Willow Warbler - Phylloscopus trochilus,2
file254.wav,Willow Warbler - Phylloscopus trochilus,2
file255.wav,Willow Warbler - Phylloscopus trochilus,2
file256.wav,Willow Warbler - Phylloscopus trochilus,2
file257.wav,Willow Warbler - Phylloscopus trochilus,2
file258.wav,Willow Warbler - Phylloscopus trochilus,2
file259.wav,Willow Warbler - Phylloscopus trochilus,2
file260.wav,Willow Warbler - Phylloscopus trochilus,2
file261.wav,Willow Warbler - Phylloscopus trochilus,2
file262.wav,Willow Warbler - Phylloscopus trochilus,2
file263.wav,Willow Warbler - Phylloscopus trochilus,2
file264.wav,Willow Warbler - Phylloscopus trochilus,2
file265.wav,Willow Warbler - Phylloscopus trochilus,2
file266.wav,Willow Warbler - Phylloscopus trochilus,2
file267.wav,Willow Warbler - Phylloscopus trochilus,2
file268.wav,Willow Warbler - Phylloscopus trochilus,2
file269.wav,Willow Warbler - Phylloscopus trochilus,2
file270.wav,Willow Warbler - Phylloscopus trochilus,2
file271.wav,Willow Warbler - Phylloscopus trochilus,2
file272.wav,Willow Warbler - Phylloscopus trochilus,2
file273.wav,Willow Warbler - Phylloscopus trochilus,2
file274.wav,Willow Warbler - Phylloscopus trochilus,2
file275.wav,Willow Warbler - Phylloscopus trochilus,2
file276.wav,Willow Warbler - Phylloscopus trochilus,2
file277.wav,Willow Warbler - Phylloscopus trochilus,2
file278.wav,Willow Warbler - Phylloscopus trochilus,2
file279.wav,Willow Warbler - Phylloscopus trochilus,2
file280.wav,Willow Warbler - Phylloscopus trochilus,2
file281.wav,Willow Warbler - Phylloscopus trochilus,2
file282.wav,Willow Warbler - Phylloscopus trochilus,2
file283.wav,European Pied Flycatcher - Ficedula hypoleuca,3
file284.wav,European Pied Flycatcher - Ficedula hypoleuca,3
file285.wav,European Pied Flycatcher - Ficedula hypoleuca,3
file286.wav,European Pied Flycatcher - Ficedula hypoleuca,3
file287.wav,European Pied Flycatcher - Ficedula hypoleuca,3
file288.wav,European Pied Flycatcher - Ficedula hypoleuca,3
file289.wav,European Pied Flycatcher - Ficedula hypoleuca,3
file290.wav,European Pied Flycatcher - Ficedula hypoleuca,3
file291.wav,European Pied Flycatcher - Ficedula hypoleuca,3
file292.wav,European Pied Flycatcher - Ficedula hypoleuca,3
file293.wav,European Pied Flycatcher - Ficedula hypoleuca,3
file294.wav,European Pied Flycatcher - Ficedula hypoleuca,3
file295.wav,European Pied Flycatcher - Ficedula hypoleuca,3
file296.wav,European Pied Flycatcher - Ficedula hypoleuca,3
file297.wav,European Pied Flycatcher - Ficedula hypoleuca,3
file298.wav,Common Blackbird - Turdus merula,4
file299.wav,Common Blackbird - Turdus merula,4
file300.wav,Common Blackbird - Turdus merula,4
file301.wav,Common Blackbird - Turdus merula,4
file302.wav,Common Blackbird - Turdus merula,4
file303.wav,Common Blackbird - Turdus merula,4
file304.wav,Common Blackbird - Turdus merula,4
file305.wav,Common Blackbird - Turdus merula,4
file306.wav,Common Blackbird - Turdus merula,4
file307.wav,Common Blackbird - Turdus merula,4
file308.wav,Common Blackbird - Turdus merula,4
file309.wav,Common Blackbird - Turdus merula,4
file310.wav,Common Blackbird - Turdus merula,4
file311.wav,Common Blackbird - Turdus merula,4
file312.wav,Common Blackbird - Turdus merula,4
file313.wav,Common Blackbird - Turdus merula,4
file314.wav,Common Blackbird - Turdus merula,4
file315.wav,Common Blackbird - Turdus merula,4
file316.wav,Greenish Warbler - Phylloscopus trochiloides viridanus,6
file317.wav,Greenish Warbler - Phylloscopus trochiloides viridanus,6
file318.wav,Greenish Warbler - Phylloscopus trochiloides viridanus,6
file319.wav,Greenish Warbler - Phylloscopus trochiloides viridanus,6
file320.wav,Greenish Warbler - Phylloscopus trochiloides viridanus,6
file321.wav,Greenish Warbler - Phylloscopus trochiloides viridanus,6
file322.wav,Greenish Warbler - Phylloscopus trochiloides viridanus,6
file323.wav,Greenish Warbler - Phylloscopus trochiloides viridanus,6
file324.wav,Greenish Warbler - Phylloscopus trochiloides viridanus,6
file325.wav,Greenish Warbler - Phylloscopus trochiloides viridanus,6
file326.wav,Greenish Warbler - Phylloscopus trochiloides viridanus,6
file327.wav,Greenish Warbler - Phylloscopus trochiloides viridanus,6
file328.wav,Greenish Warbler - Phylloscopus trochiloides viridanus,6
file329.wav,Greenish Warbler - Phylloscopus trochiloides viridanus,6
file330.wav,Greenish Warbler - Phylloscopus trochiloides viridanus,6
file331.wav,Greenish Warbler - Phylloscopus trochiloides viridanus,6
file332.wav,Greenish Warbler - Phylloscopus trochiloides viridanus,6
file333.wav,Greenish Warbler - Phylloscopus trochiloides viridanus,6
file334.wav,Greenish Warbler - Phylloscopus trochiloides viridanus,6
file335.wav,Greenish Warbler - Phylloscopus trochiloides viridanus,6
file336.wav,Greenish Warbler - Phylloscopus trochiloides viridanus,6
file337.wav,Greenish Warbler - Phylloscopus trochiloides viridanus,6
file338.wav,Greenish Warbler - Phylloscopus trochiloides viridanus,6
file339.wav,Greenish Warbler - Phylloscopus trochiloides viridanus,6
file340.wav,Blue Jay - Cyanocitta cristata,7
file341.wav,Blue Jay - Cyanocitta cristata,7
file342.wav,Blue Jay - Cyanocitta cristata,7
file343.wav,Blue Jay - Cyanocitta cristata,7
file344.wav,Blue Jay - Cyanocitta cristata,7
file345.wav,Blue Jay - Cyanocitta cristata,7
file346.wav,Blue Jay - Cyanocitta cristata,7
file347.wav,Blue Jay - Cyanocitta cristata,7
file348.wav,Blue Jay - Cyanocitta cristata,7
file349.wav,Blue Jay - Cyanocitta cristata,7
file350.wav,Blue Jay - Cyanocitta cristata,7
file351.wav,Blue Jay - Cyanocitta cristata,7
file352.wav,Blue Jay - Cyanocitta cristata,7
file353.wav,Blue Jay - Cyanocitta cristata,7
file354.wav,Blue Jay - Cyanocitta cristata,7
file355.wav,Blue Jay - Cyanocitta cristata,7
file356.wav,Blue Jay - Cyanocitta cristata,7
file357.wav,Blue Jay - Cyanocitta cristata,7
file358.wav,Blue Jay - Cyanocitta cristata,7
file359.wav,Blue Jay - Cyanocitta cristata,7
file360.wav,Blue Jay - Cyanocitta cristata,7
file361.wav,Blue Jay - Cyanocitta cristata,7
file362.wav,Blue Jay - Cyanocitta cristata,7
file363.wav,Common Snipe - Gallinago gallinago,8
file364.wav,Common Snipe - Gallinago gallinago,8
file365.wav,Common Snipe - Gallinago gallinago,8
file366.wav,Common Snipe - Gallinago gallinago,8
file367.wav,Common Snipe - Gallinago gallinago,8
file368.wav,Common Snipe - Gallinago gallinago,8
file369.wav,Common Snipe - Gallinago gallinago,8
file370.wav,Common Snipe - Gallinago gallinago,8
file371.wav,Common Snipe - Gallinago gallinago,8
file372.wav,Common Snipe - Gallinago gallinago,8
file373.wav,Common Snipe - Gallinago gallinago,8
file374.wav,Common Snipe - Gallinago gallinago,8
file375.wav,Common Snipe - Gallinago gallinago,8
file376.wav,Common Snipe - Gallinago gallinago,8
file377.wav,Common Snipe - Gallinago gallinago,8
file378.wav,Common Snipe - Gallinago gallinago,8
file379.wav,Common Snipe - Gallinago gallinago,8
file380.wav,Common Snipe - Gallinago gallinago,8
file381.wav,Common Snipe - Gallinago gallinago,8
file382.wav,Whistling Duck - Dendrocygna viduata,9
file383.wav,Whistling Duck - Dendrocygna viduata,9
file384.wav,Whistling Duck - Dendrocygna viduata,9
file385.wav,Whistling Duck - Dendrocygna viduata,9
file386.wav,Whistling Duck - Dendrocygna viduata,9
file387.wav,Whistling Duck - Dendrocygna viduata,9
file388.wav,Whistling Duck - Dendrocygna viduata,9
file389.wav,Whistling Duck - Dendrocygna viduata,9
file390.wav,Whistling Duck - Dendrocygna viduata,9
file391.wav,Whistling Duck - Dendrocygna viduata,9
file392.wav,Whistling Duck - Dendrocygna viduata,9
file393.wav,Whistling Duck - Dendrocygna viduata,9
file394.wav,Whistling Duck - Dendrocygna viduata,9
file395.wav,Whistling Duck - Dendrocygna viduata,9
file396.wav,Whistling Duck - Dendrocygna viduata,9
file397.wav,Red-whiskered Bulbul - Pycnonotus jocosus,0
file398.wav,Red-whiskered Bulbul - Pycnonotus jocosus,0
file399.wav,Red-whiskered Bulbul - Pycnonotus jocosus,0
file400.wav,Red-whiskered Bulbul - Pycnonotus jocosus,0
file401.wav,Red-whiskered Bulbul - Pycnonotus jocosus,0
file402.wav,Red-whiskered Bulbul - Pycnonotus jocosus,0
file403.wav,Red-whiskered Bulbul - Pycnonotus jocosus,0
file404.wav,Red-whiskered Bulbul - Pycnonotus jocosus,0
file405.wav,Red-whiskered Bulbul - Pycnonotus jocosus,0
file406.wav,Red-whiskered Bulbul - Pycnonotus jocosus,0
file407.wav,Red-whiskered Bulbul - Pycnonotus jocosus,0
file408.wav,Red-whiskered Bulbul - Pycnonotus jocosus,0
file409.wav,Red-whiskered Bulbul - Pycnonotus jocosus,0
file410.wav,Red-whiskered Bulbul - Pycnonotus jocosus,0
file411.wav,Red-whiskered Bulbul - Pycnonotus jocosus,0
file412.wav,Red-whiskered Bulbul - Pycnonotus jocosus,0
file413.wav,Great Tit - Parus major,1
file414.wav,Great Tit - Parus major,1
file415.wav,Great Tit - Parus major,1
file416.wav,Great Tit - Parus major,1
file417.wav,Great Tit - Parus major,1
file418.wav,Great Tit - Parus major,1
file419.wav,Great Tit - Parus major,1
file420.wav,Great Tit - Parus major,1
file421.wav,Great Tit - Parus major,1
file422.wav,Great Tit - Parus major,1
file423.wav,Great Tit - Parus major,1
file424.wav,Great Tit - Parus major,1
file425.wav,Great Tit - Parus major,1
file426.wav,Great Tit - Parus major,1
file427.wav,Great Tit - Parus major,1
file428.wav,Great Tit - Parus major,1
file429.wav,Great Tit - Parus major,1
file430.wav,Great Tit - Parus major,1
file431.wav,Great Tit - Parus major,1
file432.wav,Great Tit - Parus major,1
file433.wav,Great Tit - Parus major,1
file434.wav,Great Tit - Parus major,1
file435.wav,Great Tit - Parus major,1
file436.wav,Great Tit - Parus major,1
file437.wav,Willow Warbler - Phylloscopus trochilus,2
file438.wav,Willow Warbler - Phylloscopus trochilus,2
file439.wav,Willow Warbler - Phylloscopus trochilus,2
file440.wav,Willow Warbler - Phylloscopus trochilus,2
file441.wav,Willow Warbler - Phylloscopus trochilus,2
file442.wav,Willow Warbler - Phylloscopus trochilus,2
file443.wav,Willow Warbler - Phylloscopus trochilus,2
file444.wav,Willow Warbler - Phylloscopus trochilus,2
file445.wav,Willow Warbler - Phylloscopus trochilus,2
file446.wav,Willow Warbler - Phylloscopus trochilus,2
file447.wav,Willow Warbler - Phylloscopus trochilus,2
file448.wav,Willow Warbler - Phylloscopus trochilus,2
file449.wav,Willow Warbler - Phylloscopus trochilus,2
file450.wav,Willow Warbler - Phylloscopus trochilus,2
file451.wav,Willow Warbler - Phylloscopus trochilus,2
file452.wav,Willow Warbler - Phylloscopus trochilus,2
file453.wav,European Pied Flycatcher - Ficedula hypoleuca,3
file454.wav,European Pied Flycatcher - Ficedula hypoleuca,3
file455.wav,European Pied Flycatcher - Ficedula hypoleuca,3
file456.wav,European Pied Flycatcher - Ficedula hypoleuca,3
file457.wav,European Pied Flycatcher - Ficedula hypoleuca,3
file458.wav,European Pied Flycatcher - Ficedula hypoleuca,3
file459.wav,European Pied Flycatcher - Ficedula hypoleuca,3
file460.wav,European Pied Flycatcher - Ficedula hypoleuca,3
file461.wav,European Pied Flycatcher - Ficedula hypoleuca,3
file462.wav,European Pied Flycatcher - Ficedula hypoleuca,3
file463.wav,European Pied Flycatcher - Ficedula hypoleuca,3
file464.wav,European Pied Flycatcher - Ficedula hypoleuca,3
file465.wav,European Pied Flycatcher - Ficedula hypoleuca,3
file466.wav,European Pied Flycatcher - Ficedula hypoleuca,3
file467.wav,European Pied Flycatcher - Ficedula hypoleuca,3
file468.wav,European Pied Flycatcher - Ficedula hypoleuca,3
file469.wav,European Pied Flycatcher - Ficedula hypoleuca,3
file470.wav,European Pied Flycatcher - Ficedula hypoleuca,3
file471.wav,European Pied Flycatcher - Ficedula hypoleuca,3
file472.wav,European Pied Flycatcher - Ficedula hypoleuca,3
file473.wav,European Pied Flycatcher - Ficedula hypoleuca,3
file474.wav,European Pied Flycatcher - Ficedula hypoleuca,3
file475.wav,European Pied Flycatcher - Ficedula hypoleuca,3
file476.wav,European Pied Flycatcher - Ficedula hypoleuca,3
file477.wav,European Pied Flycatcher - Ficedula hypoleuca,3
file478.wav,European Pied Flycatcher - Ficedula hypoleuca,3
file479.wav,European Pied Flycatcher - Ficedula hypoleuca,3
file480.wav,European Pied Flycatcher - Ficedula hypoleuca,3
file481.wav,European Pied Flycatcher - Ficedula hypoleuca,3
file482.wav,European Pied Flycatcher - Ficedula hypoleuca,3
file483.wav,Common Blackbird - Turdus merula,4
file484.wav,Common Blackbird - Turdus merula,4
file485.wav,Common Blackbird - Turdus merula,4
file486.wav,Common Blackbird - Turdus merula,4
file487.wav,Common Blackbird - Turdus merula,4
file488.wav,Common Blackbird - Turdus merula,4
file489.wav,Common Blackbird - Turdus merula,4
file490.wav,Common Blackbird - Turdus merula,4
file491.wav,Common Blackbird - Turdus merula,4
file492.wav,Common Blackbird - Turdus merula,4
file493.wav,Common Blackbird - Turdus merula,4
file494.wav,Common Blackbird - Turdus merula,4
file495.wav,Common Blackbird - Turdus merula,4
file496.wav,Common Blackbird - Turdus merula,4
file497.wav,Common Blackbird - Turdus merula,4
file498.wav,Common Blackbird - Turdus merula,4
file499.wav,Common Blackbird - Turdus merula,4
file500.wav,Common Blackbird - Turdus merula,4
file501.wav,Common Blackbird - Turdus merula,4
file502.wav,Common Blackbird - Turdus merula,4
file503.wav,Common Blackbird - Turdus merula,4
file504.wav,Common Redstart - Phoenicurus phoenicurus,5
file505.wav,Common Redstart - Phoenicurus phoenicurus,5
file506.wav,Common Redstart - Phoenicurus phoenicurus,5
file507.wav,Common Redstart - Phoenicurus phoenicurus,5
file508.wav,Common Redstart - Phoenicurus phoenicurus,5
file509.wav,Common Redstart - Phoenicurus phoenicurus,5
file510.wav,Common Redstart - Phoenicurus phoenicurus,5
file511.wav,Common Redstart - Phoenicurus phoenicurus,5
file512.wav,Common Redstart - Phoenicurus phoenicurus,5
file513.wav,Common Redstart - Phoenicurus phoenicurus,5
file514.wav,Common Redstart - Phoenicurus phoenicurus,5
file515.wav,Common Redstart - Phoenicurus phoenicurus,5
file516.wav,Common Redstart - Phoenicurus phoenicurus,5
file517.wav,Common Redstart - Phoenicurus phoenicurus,5
file518.wav,Common Redstart - Phoenicurus phoenicurus,5
file519.wav,Common Redstart - Phoenicurus phoenicurus,5
file520.wav,Common Redstart - Phoenicurus phoenicurus,5
file521.wav,Common Redstart - Phoenicurus phoenicurus,5
file522.wav,Common Redstart - Phoenicurus phoenicurus,5
file523.wav,Common Redstart - Phoenicurus phoenicurus,5
file524.wav,Common Redstart - Phoenicurus phoenicurus,5
file525.wav,Common Redstart - Phoenicurus phoenicurus,5
file526.wav,Common Redstart - Phoenicurus phoenicurus,5
file527.wav,Common Redstart - Phoenicurus phoenicurus,5
file528.wav,Greenish Warbler - Phylloscopus trochiloides viridanus,6
file529.wav,Greenish Warbler - Phylloscopus trochiloides viridanus,6
file530.wav,Greenish Warbler - Phylloscopus trochiloides viridanus,6
file531.wav,Greenish Warbler - Phylloscopus trochiloides viridanus,6
file532.wav,Greenish Warbler - Phylloscopus trochiloides viridanus,6
file533.wav,Greenish Warbler - Phylloscopus trochiloides viridanus,6
file534.wav,Greenish Warbler - Phylloscopus trochiloides viridanus,6
file535.wav,Greenish Warbler - Phylloscopus trochiloides viridanus,6
file536.wav,Greenish Warbler - Phylloscopus trochiloides viridanus,6
file537.wav,Greenish Warbler - Phylloscopus trochiloides viridanus,6
file538.wav,Greenish Warbler - Phylloscopus trochiloides viridanus,6
file539.wav,Greenish Warbler - Phylloscopus trochiloides viridanus,6
file540.wav,Greenish Warbler - Phylloscopus trochiloides viridanus,6
file541.wav,Greenish Warbler - Phylloscopus trochiloides viridanus,6
file542.wav,Greenish Warbler - Phylloscopus trochiloides viridanus,6
file543.wav,Greenish Warbler - Phylloscopus trochiloides viridanus,6
file544.wav,Greenish Warbler - Phylloscopus trochiloides viridanus,6
file545.wav,Greenish Warbler - Phylloscopus trochiloides viridanus,6
file546.wav,Greenish Warbler - Phylloscopus trochiloides viridanus,6
file547.wav,Greenish Warbler - Phylloscopus trochiloides viridanus,6
file548.wav,Greenish Warbler - Phylloscopus trochiloides viridanus,6
file549.wav,Greenish Warbler - Phylloscopus trochiloides viridanus,6
file550.wav,Greenish Warbler - Phylloscopus trochiloides viridanus,6
file551.wav,Greenish Warbler - Phylloscopus trochiloides viridanus,6
file552.wav,Blue Jay - Cyanocitta cristata,7
file553.wav,Blue Jay - Cyanocitta cristata,7
file554.wav,Blue Jay - Cyanocitta cristata,7
file555.wav,Blue Jay - Cyanocitta cristata,7
file556.wav,Blue Jay - Cyanocitta cristata,7
file557.wav,Blue Jay - Cyanocitta cristata,7
file558.wav,Blue Jay - Cyanocitta cristata,7
file559.wav,Blue Jay - Cyanocitta cristata,7
file560.wav,Blue Jay - Cyanocitta cristata,7
file561.wav,Blue Jay - Cyanocitta cristata,7
file562.wav,Blue Jay - Cyanocitta cristata,7
file563.wav,Blue Jay - Cyanocitta cristata,7
file564.wav,Blue Jay - Cyanocitta cristata,7
file565.wav,Blue Jay - Cyanocitta cristata,7
file566.wav,Blue Jay - Cyanocitta cristata,7
file567.wav,Blue Jay - Cyanocitta cristata,7
file568.wav,Blue Jay - Cyanocitta cristata,7
file569.wav,Blue Jay - Cyanocitta cristata,7
file570.wav,Blue Jay - Cyanocitta cristata,7
file571.wav,Common Snipe - Gallinago gallinago,8
file572.wav,Common Snipe - Gallinago gallinago,8
file573.wav,Common Snipe - Gallinago gallinago,8
file574.wav,Common Snipe - Gallinago gallinago,8
file575.wav,Common Snipe - Gallinago gallinago,8
file576.wav,Common Snipe - Gallinago gallinago,8
file577.wav,Common Snipe - Gallinago gallinago,8
file578.wav,Common Snipe - Gallinago gallinago,8
file579.wav,Common Snipe - Gallinago gallinago,8
file580.wav,Common Snipe - Gallinago gallinago,8
file581.wav,Common Snipe - Gallinago gallinago,8
file582.wav,Common Snipe - Gallinago gallinago,8
file583.wav,Common Snipe - Gallinago gallinago,8
file584.wav,Common Snipe - Gallinago gallinago,8
file585.wav,Common Snipe - Gallinago gallinago,8
file586.wav,Common Snipe - Gallinago gallinago,8
file587.wav,Common Snipe - Gallinago gallinago,8
file588.wav,Common Snipe - Gallinago gallinago,8
file589.wav,Common Snipe - Gallinago gallinago,8
file590.wav,Common Snipe - Gallinago gallinago,8
file591.wav,Common Snipe - Gallinago gallinago,8
file592.wav,Common Snipe - Gallinago gallinago,8
file593.wav,Whistling Duck - Dendrocygna viduata,9
file594.wav,Whistling Duck - Dendrocygna viduata,9
file595.wav,Whistling Duck - Dendrocygna viduata,9
file596.wav,Whistling Duck - Dendrocygna viduata,9
file597.wav,Whistling Duck - Dendrocygna viduata,9
file598.wav,Whistling Duck - Dendrocygna viduata,9
file599.wav,Whistling Duck - Dendrocygna viduata,9
file600.wav,Whistling Duck - Dendrocygna viduata,9
file601.wav,Whistling Duck - Dendrocygna viduata,9
file602.wav,Whistling Duck - Dendrocygna viduata,9
file603.wav,Whistling Duck - Dendrocygna viduata,9
file604.wav,Whistling Duck - Dendrocygna viduata,9
file605.wav,Whistling Duck - Dendrocygna viduata,9
file606.wav,Whistling Duck - Dendrocygna viduata,9
file607.wav,Whistling Duck - Dendrocygna viduata,9
file608.wav,Whistling Duck - Dendrocygna viduata,9
file609.wav,Whistling Duck - Dendrocygna viduata,9
file610.wav,Whistling Duck - Dendrocygna viduata,9
file611.wav,Red-whiskered Bulbul - Pycnonotus jocosus,0
file612.wav,Red-whiskered Bulbul - Pycnonotus jocosus,0
file613.wav,Red-whiskered Bulbul - Pycnonotus jocosus,0
file614.wav,Red-whiskered Bulbul - Pycnonotus jocosus,0
file615.wav,Red-whiskered Bulbul - Pycnonotus jocosus,0
file616.wav,Red-whiskered Bulbul - Pycnonotus jocosus,0
file617.wav,Red-whiskered Bulbul - Pycnonotus jocosus,0
file618.wav,Red-whiskered Bulbul - Pycnonotus jocosus,0
file619.wav,Red-whiskered Bulbul - Pycnonotus jocosus,0
file620.wav,Red-whiskered Bulbul - Pycnonotus jocosus,0
file621.wav,Red-whiskered Bulbul - Pycnonotus jocosus,0
file622.wav,Red-whiskered Bulbul - Pycnonotus jocosus,0
file623.wav,Red-whiskered Bulbul - Pycnonotus jocosus,0
file624.wav,Red-whiskered Bulbul - Pycnonotus jocosus,0
file625.wav,Red-whiskered Bulbul - Pycnonotus jocosus,0
file626.wav,Red-whiskered Bulbul - Pycnonotus jocosus,0
file627.wav,Red-whiskered Bulbul - Pycnonotus jocosus,0
file628.wav,Red-whiskered Bulbul - Pycnonotus jocosus,0
file629.wav,Red-whiskered Bulbul - Pycnonotus jocosus,0
file630.wav,Red-whiskered Bulbul - Pycnonotus jocosus,0
file631.wav,Red-whiskered Bulbul - Pycnonotus jocosus,0
file632.wav,Red-whiskered Bulbul - Pycnonotus jocosus,0
file633.wav,Great Tit - Parus major,1
file634.wav,Great Tit - Parus major,1
file635.wav,Great Tit - Parus major,1
file636.wav,Great Tit - Parus major,1
file637.wav,Great Tit - Parus major,1
file638.wav,Great Tit - Parus major,1
file639.wav,Great Tit - Parus major,1
file640.wav,Great Tit - Parus major,1
file641.wav,Great Tit - Parus major,1
file642.wav,Great Tit - Parus major,1
file643.wav,Great Tit - Parus major,1
file644.wav,Great Tit - Parus major,1
file645.wav,Great Tit - Parus major,1
file646.wav,Great Tit - Parus major,1
file647.wav,Great Tit - Parus major,1
file648.wav,Great Tit - Parus major,1
file649.wav,Great Tit - Parus major,1
file650.wav,Willow Warbler - Phylloscopus trochilus,2
file651.wav,Willow Warbler - Phylloscopus trochilus,2
file652.wav,Willow Warbler - Phylloscopus trochilus,2
file653.wav,Willow Warbler - Phylloscopus trochilus,2
file654.wav,Willow Warbler - Phylloscopus trochilus,2
file655.wav,Willow Warbler - Phylloscopus trochilus,2
file656.wav,Willow Warbler - Phylloscopus trochilus,2
file657.wav,Willow Warbler - Phylloscopus trochilus,2
file658.wav,Willow Warbler - Phylloscopus trochilus,2
file659.wav,Willow Warbler - Phylloscopus trochilus,2
file660.wav,Willow Warbler - Phylloscopus trochilus,2
file661.wav,Willow Warbler - Phylloscopus trochilus,2
file662.wav,Willow Warbler - Phylloscopus trochilus,2
file663.wav,Willow Warbler - Phylloscopus trochilus,2
file664.wav,Willow Warbler - Phylloscopus trochilus,2
file665.wav,Willow Warbler - Phylloscopus trochilus,2
file666.wav,Willow Warbler - Phylloscopus trochilus,2
file667.wav,Willow Warbler - Phylloscopus trochilus,2
file668.wav,Willow Warbler - Phylloscopus trochilus,2
file669.wav,Willow Warbler - Phylloscopus trochilus,2
file670.wav,Willow Warbler - Phylloscopus trochilus,2
file671.wav,Willow Warbler - Phylloscopus trochilus,2
file672.wav,Willow Warbler - Phylloscopus trochilus,2
file673.wav,Willow Warbler - Phylloscopus trochilus,2
file674.wav,Willow Warbler - Phylloscopus trochilus,2
file675.wav,Willow Warbler - Phylloscopus trochilus,2
file676.wav,Willow Warbler - Phylloscopus trochilus,2
file677.wav,Willow Warbler - Phylloscopus trochilus,2
file678.wav,Willow Warbler - Phylloscopus trochilus,2
file679.wav,Willow Warbler - Phylloscopus trochilus,2
file680.wav,European Pied Flycatcher - Ficedula hypoleuca,3
file681.wav,European Pied Flycatcher - Ficedula hypoleuca,3
file682.wav,European Pied Flycatcher - Ficedula hypoleuca,3
file683.wav,European Pied Flycatcher - Ficedula hypoleuca,3
file684.wav,European Pied Flycatcher - Ficedula hypoleuca,3
file685.wav,European Pied Flycatcher - Ficedula hypoleuca,3
file686.wav,European Pied Flycatcher - Ficedula hypoleuca,3
file687.wav,European Pied Flycatcher - Ficedula hypoleuca,3
file688.wav,European Pied Flycatcher - Ficedula hypoleuca,3
file689.wav,European Pied Flycatcher - Ficedula hypoleuca,3
file690.wav,European Pied Flycatcher - Ficedula hypoleuca,3
file691.wav,European Pied Flycatcher - Ficedula hypoleuca,3
file692.wav,European Pied Flycatcher - Ficedula hypoleuca,3
file693.wav,European Pied Flycatcher - Ficedula hypoleuca,3
file694.wav,European Pied Flycatcher - Ficedula hypoleuca,3
file695.wav,Common Blackbird - Turdus merula,4
file696.wav,Common Blackbird - Turdus merula,4
file697.wav,Common Blackbird - Turdus merula,4
file698.wav,Common Blackbird - Turdus merula,4
file699.wav,Common Blackbird - Turdus merula,4
file700.wav,Common Blackbird - Turdus merula,4
file701.wav,Common Blackbird - Turdus merula,4
file702.wav,Common Blackbird - Turdus merula,4
file703.wav,Common Blackbird - Turdus merula,4
file704.wav,Common Blackbird - Turdus merula,4
file705.wav,Common Blackbird - Turdus merula,4
file706.wav,Common Blackbird - Turdus merula,4
file707.wav,Common Blackbird - Turdus merula,4
file708.wav,Common Blackbird - Turdus merula,4
file709.wav,Common Blackbird - Turdus merula,4
file710.wav,Common Blackbird - Turdus merula,4
file711.wav,Common Blackbird - Turdus merula,4
file712.wav,Common Blackbird - Turdus merula,4
file713.wav,Greenish Warbler - Phylloscopus trochiloides viridanus,6
file714.wav,Greenish Warbler - Phylloscopus trochiloides viridanus,6
file715.wav,Greenish Warbler - Phylloscopus trochiloides viridanus,6
file716.wav,Greenish Warbler - Phylloscopus trochiloides viridanus,6
file717.wav,Greenish Warbler - Phylloscopus trochiloides viridanus,6
file718.wav,Greenish Warbler - Phylloscopus trochiloides viridanus,6
file719.wav,Greenish Warbler - Phylloscopus trochiloides viridanus,6
file720.wav,Greenish Warbler - Phylloscopus trochiloides viridanus,6
file721.wav,Greenish Warbler - Phylloscopus trochiloides viridanus,6
file722.wav,Greenish Warbler - Phylloscopus trochiloides viridanus,6
file723.wav,Greenish Warbler - Phylloscopus trochiloides viridanus,6
file724.wav,Greenish Warbler - Phylloscopus trochiloides viridanus,6
file725.wav,Greenish Warbler - Phylloscopus trochiloides viridanus,6
file726.wav,Greenish Warbler - Phylloscopus trochiloides viridanus,6
file727.wav,Greenish Warbler - Phylloscopus trochiloides viridanus,6
file728.wav,Greenish Warbler - Phylloscopus trochiloides viridanus,6
file729.wav,Greenish Warbler - Phylloscopus trochiloides viridanus,6
file730.wav,Greenish Warbler - Phylloscopus trochiloides viridanus,6
file731.wav,Greenish Warbler - Phylloscopus trochiloides viridanus,6
file732.wav,Greenish Warbler - Phylloscopus trochiloides viridanus,6
file733.wav,Greenish Warbler - Phylloscopus trochiloides viridanus,6
file734.wav,Greenish Warbler - Phylloscopus trochiloides viridanus,6
file735.wav,Greenish Warbler - Phylloscopus trochiloides viridanus,6
file736.wav,Greenish Warbler - Phylloscopus trochiloides viridanus,6
file737.wav,Blue Jay - Cyanocitta cristata,7
file738.wav,Blue Jay - Cyanocitta cristata,7
file739.wav,Blue Jay - Cyanocitta cristata,7
file740.wav,Blue Jay - Cyanocitta cristata,7
file741.wav,Blue Jay - Cyanocitta cristata,7
file742.wav,Blue Jay - Cyanocitta cristata,7
file743.wav,Blue Jay - Cyanocitta cristata,7
file744.wav,Blue Jay - Cyanocitta cristata,7
file745.wav,Blue Jay - Cyanocitta cristata,7
file746.wav,Blue Jay - Cyanocitta cristata,7
file747.wav,Blue Jay - Cyanocitta cristata,7
file748.wav,Blue Jay - Cyanocitta cristata,7
file749.wav,Blue Jay - Cyanocitta cristata,7
file750.wav,Blue Jay - Cyanocitta cristata,7
file751.wav,Blue Jay - Cyanocitta cristata,7
file752.wav,Blue Jay - Cyanocitta cristata,7
file753.wav,Blue Jay - Cyanocitta cristata,7
file754.wav,Blue Jay - Cyanocitta cristata,7
file755.wav,Blue Jay - Cyanocitta cristata,7
file756.wav,Blue Jay - Cyanocitta cristata,7
file757.wav,Blue Jay - Cyanocitta cristata,7
file758.wav,Blue Jay - Cyanocitta cristata,7
file759.wav,Blue Jay - Cyanocitta cristata,7
file760.wav,Common Snipe - Gallinago gallinago,8
file761.wav,Common Snipe - Gallinago gallinago,8
file762.wav,Common Snipe - Gallinago gallinago,8
file763.wav,Common Snipe - Gallinago gallinago,8
file764.wav,Common Snipe - Gallinago gallinago,8
file765.wav,Common Snipe - Gallinago gallinago,8
file766.wav,Common Snipe - Gallinago gallinago,8
file767.wav,Common Snipe - Gallinago gallinago,8
file768.wav,Common Snipe - Gallinago gallinago,8
file769.wav,Common Snipe - Gallinago gallinago,8
file770.wav,Common Snipe - Gallinago gallinago,8
file771.wav,Common Snipe - Gallinago gallinago,8
file772.wav,Common Snipe - Gallinago gallinago,8
file773.wav,Common Snipe - Gallinago gallinago,8
file774.wav,Common Snipe - Gallinago gallinago,8
file775.wav,Common Snipe - Gallinago gallinago,8
file776.wav,Common Snipe - Gallinago gallinago,8
file777.wav,Common Snipe - Gallinago gallinago,8
file778.wav,Common Snipe - Gallinago gallinago,8
file779.wav,Whistling Duck - Dendrocygna viduata,9
file780.wav,Whistling Duck - Dendrocygna viduata,9
file781.wav,Whistling Duck - Dendrocygna viduata,9
file782.wav,Whistling Duck - Dendrocygna viduata,9
file783.wav,Whistling Duck - Dendrocygna viduata,9
file784.wav,Whistling Duck - Dendrocygna viduata,9
file785.wav,Whistling Duck - Dendrocygna viduata,9
file786.wav,Whistling Duck - Dendrocygna viduata,9
file787.wav,Whistling Duck - Dendrocygna viduata,9
file788.wav,Whistling Duck - Dendrocygna viduata,9
file789.wav,Whistling Duck - Dendrocygna viduata,9
file790.wav,Whistling Duck - Dendrocygna viduata,9
file791.wav,Whistling Duck - Dendrocygna viduata,9
file792.wav,Whistling Duck - Dendrocygna viduata,9
file793.wav,Whistling Duck - Dendrocygna viduata,9
file794.wav,Red-whiskered Bulbul - Pycnonotus jocosus,0
file795.wav,Red-whiskered Bulbul - Pycnonotus jocosus,0
file796.wav,Red-whiskered Bulbul - Pycnonotus jocosus,0
file797.wav,Red-whiskered Bulbul - Pycnonotus jocosus,0
file798.wav,Red-whiskered Bulbul - Pycnonotus jocosus,0
file799.wav,Red-whiskered Bulbul - Pycnonotus jocosus,0
file800.wav,Red-whiskered Bulbul - Pycnonotus jocosus,0
file801.wav,Red-whiskered Bulbul - Pycnonotus jocosus,0
file802.wav,Red-whiskered Bulbul - Pycnonotus jocosus,0
file803.wav,Red-whiskered Bulbul - Pycnonotus jocosus,0
file804.wav,Red-whiskered Bulbul - Pycnonotus jocosus,0
file805.wav,Red-whiskered Bulbul - Pycnonotus jocosus,0
file806.wav,Red-whiskered Bulbul - Pycnonotus jocosus,0
file807.wav,Red-whiskered Bulbul - Pycnonotus jocosus,0
file808.wav,Red-whiskered Bulbul - Pycnonotus jocosus,0
file809.wav,Red-whiskered Bulbul - Pycnonotus jocosus,0
file810.wav,Great Tit - Parus major,1
file811.wav,Great Tit - Parus major,1
file812.wav,Great Tit - Parus major,1
file813.wav,Great Tit - Parus major,1
file814.wav,Great Tit - Parus major,1
file815.wav,Great Tit - Parus major,1
file816.wav,Great Tit - Parus major,1
file817.wav,Great Tit - Parus major,1
file818.wav,Great Tit - Parus major,1
file819.wav,Great Tit - Parus major,1
file820.wav,Great Tit - Parus major,1
file821.wav,Great Tit - Parus major,1
file822.wav,Great Tit - Parus major,1
file823.wav,Great Tit - Parus major,1
file824.wav,Great Tit - Parus major,1
file825.wav,Great Tit - Parus major,1
file826.wav,Great Tit - Parus major,1
file827.wav,Great Tit - Parus major,1
file828.wav,Great Tit - Parus major,1
file829.wav,Great Tit - Parus major,1
file830.wav,Great Tit - Parus major,1
file831.wav,Great Tit - Parus major,1
file832.wav,Great Tit - Parus major,1
file833.wav,Great Tit - Parus major,1
file834.wav,Willow Warbler - Phylloscopus trochilus,2
file835.wav,Willow Warbler - Phylloscopus trochilus,2
file836.wav,Willow Warbler - Phylloscopus trochilus,2
file837.wav,Willow Warbler - Phylloscopus trochilus,2
file838.wav,Willow Warbler - Phylloscopus trochilus,2
file839.wav,Willow Warbler - Phylloscopus trochilus,2
file840.wav,Willow Warbler - Phylloscopus trochilus,2
file841.wav,Willow Warbler - Phylloscopus trochilus,2
file842.wav,Willow Warbler - Phylloscopus trochilus,2
file843.wav,Willow Warbler - Phylloscopus trochilus,2
file844.wav,Willow Warbler - Phylloscopus trochilus,2
file845.wav,Willow Warbler - Phylloscopus trochilus,2
file846.wav,Willow Warbler - Phylloscopus trochilus,2
file847.wav,Willow Warbler - Phylloscopus trochilus,2
file848.wav,Willow Warbler - Phylloscopus trochilus,2
file849.wav,Willow Warbler - Phylloscopus trochilus,2
file850.wav,European Pied Flycatcher - Ficedula hypoleuca,3
file851.wav,European Pied Flycatcher - Ficedula hypoleuca,3
file852.wav,European Pied Flycatcher - Ficedula hypoleuca,3
file853.wav,European Pied Flycatcher - Ficedula hypoleuca,3
file854.wav,European Pied Flycatcher - Ficedula hypoleuca,3
file855.wav,European Pied Flycatcher - Ficedula hypoleuca,3
file856.wav,European Pied Flycatcher - Ficedula hypoleuca,3
file857.wav,European Pied Flycatcher - Ficedula hypoleuca,3
file858.wav,European Pied Flycatcher - Ficedula hypoleuca,3
file859.wav,European Pied Flycatcher - Ficedula hypoleuca,3
file860.wav,European Pied Flycatcher - Ficedula hypoleuca,3
file861.wav,European Pied Flycatcher - Ficedula hypoleuca,3
file862.wav,European Pied Flycatcher - Ficedula hypoleuca,3
file863.wav,European Pied Flycatcher - Ficedula hypoleuca,3
file864.wav,European Pied Flycatcher - Ficedula hypoleuca,3
file865.wav,European Pied Flycatcher - Ficedula hypoleuca,3
file866.wav,European Pied Flycatcher - Ficedula hypoleuca,3
file867.wav,European Pied Flycatcher - Ficedula hypoleuca,3
file868.wav,European Pied Flycatcher - Ficedula hypoleuca,3
file869.wav,European Pied Flycatcher - Ficedula hypoleuca,3
file870.wav,European Pied Flycatcher - Ficedula hypoleuca,3
file871.wav,European Pied Flycatcher - Ficedula hypoleuca,3
file872.wav,European Pied Flycatcher - Ficedula hypoleuca,3
file873.wav,European Pied Flycatcher - Ficedula hypoleuca,3
file874.wav,European Pied Flycatcher - Ficedula hypoleuca,3
file875.wav,European Pied Flycatcher - Ficedula hypoleuca,3
file876.wav,European Pied Flycatcher - Ficedula hypoleuca,3
file877.wav,European Pied Flycatcher - Ficedula hypoleuca,3
file878.wav,European Pied Flycatcher - Ficedula hypoleuca,3
file879.wav,European Pied Flycatcher - Ficedula hypoleuca,3
file880.wav,Common Blackbird - Turdus merula,4
file881.wav,Common Blackbird - Turdus merula,4
file882.wav,Common Blackbird - Turdus merula,4
file883.wav,Common Blackbird - Turdus merula,4
file884.wav,Common Blackbird - Turdus merula,4
file885.wav,Common Blackbird - Turdus merula,4
file886.wav,Common Blackbird - Turdus merula,4
file887.wav,Common Blackbird - Turdus merula,4
file888.wav,Common Blackbird - Turdus merula,4
file889.wav,Common Blackbird - Turdus merula,4
file890.wav,Common Blackbird - Turdus merula,4
file891.wav,Common Blackbird - Turdus merula,4
file892.wav,Common Blackbird - Turdus merula,4
file893.wav,Common Blackbird - Turdus merula,4
file894.wav,Common Blackbird - Turdus merula,4
file895.wav,Common Blackbird - Turdus merula,4
file896.wav,Common Blackbird - Turdus merula,4
file897.wav,Common Blackbird - Turdus merula,4
file898.wav,Common Blackbird - Turdus merula,4
file899.wav,Common Blackbird - Turdus merula,4
file900.wav,Common Blackbird - Turdus merula,4
file901.wav,Common Redstart - Phoenicurus phoenicurus,5
file902.wav,Common Redstart - Phoenicurus phoenicurus,5
file903.wav,Common Redstart - Phoenicurus phoenicurus,5
file904.wav,Common Redstart - Phoenicurus phoenicurus,5
file905.wav,Common Redstart - Phoenicurus phoenicurus,5
file906.wav,Common Redstart - Phoenicurus phoenicurus,5
file907.wav,Common Redstart - Phoenicurus phoenicurus,5
file908.wav,Common Redstart - Phoenicurus phoenicurus,5
file909.wav,Common Redstart - Phoenicurus phoenicurus,5
file910.wav,Common Redstart - Phoenicurus phoenicurus,5
file911.wav,Common Redstart - Phoenicurus phoenicurus,5
file912.wav,Common Redstart - Phoenicurus phoenicurus,5
file913.wav,Common Redstart - Phoenicurus phoenicurus,5
file914.wav,Common Redstart - Phoenicurus phoenicurus,5
file915.wav,Common Redstart - Phoenicurus phoenicurus,5
file916.wav,Common Redstart - Phoenicurus phoenicurus,5
file917.wav,Common Redstart - Phoenicurus phoenicurus,5
file918.wav,Common Redstart - Phoenicurus phoenicurus,5
file919.wav,Common Redstart - Phoenicurus phoenicurus,5
file920.wav,Common Redstart - Phoenicurus phoenicurus,5
file921.wav,Common Redstart - Phoenicurus phoenicurus,5
file922.wav,Common Redstart - Phoenicurus phoenicurus,5
file923.wav,Common Redstart - Phoenicurus phoenicurus,5
file924.wav,Common Redstart - Phoenicurus phoenicurus,5
file925.wav,Greenish Warbler - Phylloscopus trochiloides viridanus,6
file926.wav,Greenish Warbler - Phylloscopus trochiloides viridanus,6
file927.wav,Greenish Warbler - Phylloscopus trochiloides viridanus,6
file928.wav,Greenish Warbler - Phylloscopus trochiloides viridanus,6
file929.wav,Greenish Warbler - Phylloscopus trochiloides viridanus,6
file930.wav,Greenish Warbler - Phylloscopus trochiloides viridanus,6
file931.wav,Greenish Warbler - Phylloscopus trochiloides viridanus,6
file932.wav,Greenish Warbler - Phylloscopus trochiloides viridanus,6
file933.wav,Greenish Warbler - Phylloscopus trochiloides viridanus,6
file934.wav,Greenish Warbler - Phylloscopus trochiloides viridanus,6
file935.wav,Greenish Warbler - Phylloscopus trochiloides viridanus,6
file936.wav,Greenish Warbler - Phylloscopus trochiloides viridanus,6
file937.wav,Greenish Warbler - Phylloscopus trochiloides viridanus,6
file938.wav,Greenish Warbler - Phylloscopus trochiloides viridanus,6
file939.wav,Greenish Warbler - Phylloscopus trochiloides viridanus,6
file940.wav,Greenish Warbler - Phylloscopus trochiloides viridanus,6
file941.wav,Greenish Warbler - Phylloscopus trochiloides viridanus,6
file942.wav,Greenish Warbler - Phylloscopus trochiloides viridanus,6
file943.wav,Greenish Warbler - Phylloscopus trochiloides viridanus,6
file944.wav,Greenish Warbler - Phylloscopus trochiloides viridanus,6
file945.wav,Greenish Warbler - Phylloscopus trochiloides viridanus,6
file946.wav,Greenish Warbler - Phylloscopus trochiloides viridanus,6
file947.wav,Greenish Warbler - Phylloscopus trochiloides viridanus,6
file948.wav,Greenish Warbler - Phylloscopus trochiloides viridanus,6
file949.wav,Blue Jay - Cyanocitta cristata,7
file950.wav,Blue Jay - Cyanocitta cristata,7
file951.wav,Blue Jay - Cyanocitta cristata,7
file952.wav,Blue Jay - Cyanocitta cristata,7
file953.wav,Blue Jay - Cyanocitta cristata,7
file954.wav,Blue Jay - Cyanocitta cristata,7
file955.wav,Blue Jay - Cyanocitta cristata,7
file956.wav,Blue Jay - Cyanocitta cristata,7
file957.wav,Blue Jay - Cyanocitta cristata,7
file958.wav,Blue Jay - Cyanocitta cristata,7
file959.wav,Blue Jay - Cyanocitta cristata,7
file960.wav,Blue Jay - Cyanocitta cristata,7
file961.wav,Blue Jay - Cyanocitta cristata,7
file962.wav,Blue Jay - Cyanocitta cristata,7
file963.wav,Blue Jay - Cyanocitta cristata,7
file964.wav,Blue Jay - Cyanocitta cristata,7
file965.wav,Blue Jay - Cyanocitta cristata,7
file966.wav,Blue Jay - Cyanocitta cristata,7
file967.wav,Blue Jay - Cyanocitta cristata,7
file968.wav,Common Snipe - Gallinago gallinago,8
file969.wav,Common Snipe - Gallinago gallinago,8
file970.wav,Common Snipe - Gallinago gallinago,8
file971.wav,Common Snipe - Gallinago gallinago,8
file972.wav,Common Snipe - Gallinago gallinago,8
file973.wav,Common Snipe - Gallinago gallinago,8
file974.wav,Common Snipe - Gallinago gallinago,8
file975.wav,Common Snipe - Gallinago gallinago,8
file976.wav,Common Snipe - Gallinago gallinago,8
file977.wav,Common Snipe - Gallinago gallinago,8
file978.wav,Common Snipe - Gallinago gallinago,8
file979.wav,Common Snipe - Gallinago gallinago,8
file980.wav,Common Snipe - Gallinago gallinago,8
file981.wav,Common Snipe - Gallinago gallinago,8
file982.wav,Common Snipe - Gallinago gallinago,8
file983.wav,Common Snipe - Gallinago gallinago,8
file984.wav,Common Snipe - Gallinago gallinago,8
file985.wav,Common Snipe - Gallinago gallinago,8
file986.wav,Common Snipe - Gallinago gallinago,8
file987.wav,Common Snipe - Gallinago gallinago,8
file988.wav,Common Snipe - Gallinago gallinago,8
file989.wav,Common Snipe - Gallinago gallinago,8
file990.wav,Whistling Duck - Dendrocygna viduata,9
file991.wav,Whistling Duck - Dendrocygna viduata,9
file992.wav,Whistling Duck - Dendrocygna viduata,9
file993.wav,Whistling Duck - Dendrocygna viduata,9
file994.wav,Whistling Duck - Dendrocygna viduata,9
file995.wav,Whistling Duck - Dendrocygna viduata,9
file996.wav,Whistling Duck - Dendrocygna viduata,9
file997.wav,Whistling Duck - Dendrocygna viduata,9
file998.wav,Whistling Duck - Dendrocygna viduata,9
file999.wav,Whistling Duck - Dendrocygna viduata,9
file1000.wav,Whistling Duck - Dendrocygna viduata,9
file1001.wav,Whistling Duck - Dendrocygna viduata,9
file1002.wav,Whistling Duck - Dendrocygna viduata,9
file1003.wav,Whistling Duck - Dendrocygna viduata,9
file1004.wav,Whistling Duck - Dendrocygna viduata,9
file1005.wav,Whistling Duck - Dendrocygna viduata,9
file1006.wav,Whistling Duck - Dendrocygna viduata,9
file1007.wav,Whistling Duck - Dendrocygna viduata,9
file1008.wav,Red-whiskered Bulbul - Pycnonotus jocosus,0
file1009.wav,Red-whiskered Bulbul - Pycnonotus jocosus,0
file1010.wav,Red-whiskered Bulbul - Pycnonotus jocosus,0
file1011.wav,Red-whiskered Bulbul - Pycnonotus jocosus,0
file1012.wav,Red-whiskered Bulbul - Pycnonotus jocosus,0
file1013.wav,Red-whiskered Bulbul - Pycnonotus jocosus,0
file1014.wav,Red-whiskered Bulbul - Pycnonotus jocosus,0
file1015.wav,Red-whiskered Bulbul - Pycnonotus jocosus,0
file1016.wav,Red-whiskered Bulbul - Pycnonotus jocosus,0
file1017.wav,Red-whiskered Bulbul - Pycnonotus jocosus,0
file1018.wav,Red-whiskered Bulbul - Pycnonotus jocosus,0
file1019.wav,Red-whiskered Bulbul - Pycnonotus jocosus,0
file1020.wav,Red-whiskered Bulbul - Pycnonotus jocosus,0
file1021.wav,Red-whiskered Bulbul - Pycnonotus jocosus,0
file1022.wav,Red-whiskered Bulbul - Pycnonotus jocosus,0
file1023.wav,Red-whiskered Bulbul - Pycnonotus jocosus,0
file1024.wav,Red-whiskered Bulbul - Pycnonotus jocosus,0
file1025.wav,Red-whiskered Bulbul - Pycnonotus jocosus,0
file1026.wav,Red-whiskered Bulbul - Pycnonotus jocosus,0
file1027.wav,Red-whiskered Bulbul - Pycnonotus jocosus,0
file1028.wav,Red-whiskered Bulbul - Pycnonotus jocosus,0
file1029.wav,Red-whiskered Bulbul - Pycnonotus jocosus,0
file1030.wav,Great Tit - Parus major,1
file1031.wav,Great Tit - Parus major,1
file1032.wav,Great Tit - Parus major,1
file1033.wav,Great Tit - Parus major,1
file1034.wav,Great Tit - Parus major,1
file1035.wav,Great Tit - Parus major,1
file1036.wav,Great Tit - Parus major,1
file1037.wav,Great Tit - Parus major,1
file1038.wav,Great Tit - Parus major,1
file1039.wav,Great Tit - Parus major,1
file1040.wav,Great Tit - Parus major,1
file1041.wav,Great Tit - Parus major,1
file1042.wav,Great Tit - Parus major,1
file1043.wav,Great Tit - Parus major,1
file1044.wav,Great Tit - Parus major,1
file1045.wav,Great Tit - Parus major,1
file1046.wav,Great Tit - Parus major,1
file1047.wav,Willow Warbler - Phylloscopus trochilus,2
file1048.wav,Willow Warbler - Phylloscopus trochilus,2
file1049.wav,Willow Warbler - Phylloscopus trochilus,2
file1050.wav,Willow Warbler - Phylloscopus trochilus,2
file1051.wav,Willow Warbler - Phylloscopus trochilus,2
file1052.wav,Willow Warbler - Phylloscopus trochilus,2
file1053.wav,Willow Warbler - Phylloscopus trochilus,2
file1054.wav,Willow Warbler - Phylloscopus trochilus,2
file1055.wav,Willow Warbler - Phylloscopus trochilus,2
file1056.wav,Willow Warbler - Phylloscopus trochilus,2
file1057.wav,Willow Warbler - Phylloscopus trochilus,2
file1058.wav,Willow Warbler - Phylloscopus trochilus,2
file1059.wav,Willow Warbler - Phylloscopus trochilus,2
file1060.wav,Willow Warbler - Phylloscopus trochilus,2
file1061.wav,Willow Warbler - Phylloscopus trochilus,2
file1062.wav,Willow Warbler - Phylloscopus trochilus,2
file1063.wav,Willow Warbler - Phylloscopus trochilus,2
file1064.wav,Willow Warbler - Phylloscopus trochilus,2
file1065.wav,Willow Warbler - Phylloscopus trochilus,2
file1066.wav,Willow Warbler - Phylloscopus trochilus,2
file1067.wav,Willow Warbler - Phylloscopus trochilus,2
file1068.wav,Willow Warbler - Phylloscopus trochilus,2
file1069.wav,Willow Warbler - Phylloscopus trochilus,2
file1070.wav,Willow Warbler - Phylloscopus trochilus,2
file1071.wav,Willow Warbler - Phylloscopus trochilus,2
file1072.wav,Willow Warbler - Phylloscopus trochilus,2
file1073.wav,Willow Warbler - Phylloscopus trochilus,2
file1074.wav,Willow Warbler - Phylloscopus trochilus,2
file1075.wav,Willow Warbler - Phylloscopus trochilus,2
file1076.wav,Willow Warbler - Phylloscopus trochilus,2
file1077.wav,European Pied Flycatcher - Ficedula hypoleuca,3
file1078.wav,European Pied Flycatcher - Ficedula hypoleuca,3
file1079.wav,European Pied Flycatcher - Ficedula hypoleuca,3
file1080.wav,European Pied Flycatcher - Ficedula hypoleuca,3
file1081.wav,European Pied Flycatcher - Ficedula hypoleuca,3
file1082.wav,European Pied Flycatcher - Ficedula hypoleuca,3
file1083.wav,European Pied Flycatcher - Ficedula hypoleuca,3
file1084.wav,European Pied Flycatcher - Ficedula hypoleuca,3
file1085.wav,European Pied Flycatcher - Ficedula hypoleuca,3
file1086.wav,European Pied Flycatcher - Ficedula hypoleuca,3
file1087.wav,European Pied Flycatcher - Ficedula hypoleuca,3
file1088.wav,European Pied Flycatcher - Ficedula hypoleuca,3
file1089.wav,European Pied Flycatcher - Ficedula hypoleuca,3
file1090.wav,European Pied Flycatcher - Ficedula hypoleuca,3
file1091.wav,European Pied Flycatcher - Ficedula hypoleuca,3
file1092.wav,Common Blackbird - Turdus merula,4
file1093.wav,Common Blackbird - Turdus merula,4
file1094.wav,Common Blackbird - Turdus merula,4
file1095.wav,Common Blackbird - Turdus merula,4
file1096.wav,Common Blackbird - Turdus merula,4
file1097.wav,Common Blackbird - Turdus merula,4
file1098.wav,Common Blackbird - Turdus merula,4
file1099.wav,Common Blackbird - Turdus merula,4
file1100.wav,Common Blackbird - Turdus merula,4
file1101.wav,Common Blackbird - Turdus merula,4
file1102.wav,Common Blackbird - Turdus merula,4
file1103.wav,Common Blackbird - Turdus merula,4
file1104.wav,Common Blackbird - Turdus merula,4
file1105.wav,Common Blackbird - Turdus merula,4
file1106.wav,Common Blackbird - Turdus merula,4
file1107.wav,Common Blackbird - Turdus merula,4
file1108.wav,Common Blackbird - Turdus merula,4
file1109.wav,Common Blackbird - Turdus merula,4
file1110.wav,Greenish Warbler - Phylloscopus trochiloides viridanus,6
file1111.wav,Greenish Warbler - Phylloscopus trochiloides viridanus,6
file1112.wav,Greenish Warbler - Phylloscopus trochiloides viridanus,6
file1113.wav,Greenish Warbler - Phylloscopus trochiloides viridanus,6
file1114.wav,Greenish Warbler - Phylloscopus trochiloides viridanus,6
file1115.wav,Greenish Warbler - Phylloscopus trochiloides viridanus,6
file1116.wav,Greenish Warbler - Phylloscopus trochiloides viridanus,6
file1117.wav,Greenish Warbler - Phylloscopus trochiloides viridanus,6
file1118.wav,Greenish Warbler - Phylloscopus trochiloides viridanus,6
file1119.wav,Greenish Warbler - Phylloscopus trochiloides viridanus,6
file1120.wav,Greenish Warbler - Phylloscopus trochiloides viridanus,6
file1121.wav,Greenish Warbler - Phylloscopus trochiloides viridanus,6
file1122.wav,Greenish Warbler - Phylloscopus trochiloides viridanus,6
file1123.wav,Greenish Warbler - Phylloscopus trochiloides viridanus,6
file1124.wav,Greenish Warbler - Phylloscopus trochiloides viridanus,6
file1125.wav,Greenish Warbler - Phylloscopus trochiloides viridanus,6
file1126.wav,Greenish Warbler - Phylloscopus trochiloides viridanus,6
file1127.wav,Greenish Warbler - Phylloscopus trochiloides viridanus,6
file1128.wav,Greenish Warbler - Phylloscopus trochiloides viridanus,6
file1129.wav,Greenish Warbler - Phylloscopus trochiloides viridanus,6
file1130.wav,Greenish Warbler - Phylloscopus trochiloides viridanus,6
file1131.wav,Greenish Warbler - Phylloscopus trochiloides viridanus,6
file1132.wav,Greenish Warbler - Phylloscopus trochiloides viridanus,6
file1133.wav,Greenish Warbler - Phylloscopus trochiloides viridanus,6
file1134.wav,Blue Jay - Cyanocitta cristata,7
file1135.wav,Blue Jay - Cyanocitta cristata,7
file1136.wav,Blue Jay - Cyanocitta cristata,7
file1137.wav,Blue Jay - Cyanocitta cristata,7
file1138.wav,Blue Jay - Cyanocitta cristata,7
file1139.wav,Blue Jay - Cyanocitta cristata,7
file1140.wav,Blue Jay - Cyanocitta cristata,7
file1141.wav,Blue Jay - Cyanocitta cristata,7
file1142.wav,Blue Jay - Cyanocitta cristata,7
file1143.wav,Blue Jay - Cyanocitta cristata,7
file1144.wav,Blue Jay - Cyanocitta cristata,7
file1145.wav,Blue Jay - Cyanocitta cristata,7
file1146.wav,Blue Jay - Cyanocitta cristata,7
file1147.wav,Blue Jay - Cyanocitta cristata,7
file1148.wav,Blue Jay - Cyanocitta cristata,7
file1149.wav,Blue Jay - Cyanocitta cristata,7
file1150.wav,Blue Jay - Cyanocitta cristata,7
file1151.wav,Blue Jay - Cyanocitta cristata,7
file1152.wav,Blue Jay - Cyanocitta cristata,7
file1153.wav,Blue Jay - Cyanocitta cristata,7
file1154.wav,Blue Jay - Cyanocitta cristata,7
file1155.wav,Blue Jay - Cyanocitta cristata,7
file1156.wav,Blue Jay - Cyanocitta cristata,7
file1157.wav,Common Snipe - Gallinago gallinago,8
file1158.wav,Common Snipe - Gallinago gallinago,8
file1159.wav,Common Snipe - Gallinago gallinago,8
file1160.wav,Common Snipe - Gallinago gallinago,8
file1161.wav,Common Snipe - Gallinago gallinago,8
file1162.wav,Common Snipe - Gallinago gallinago,8
file1163.wav,Common Snipe - Gallinago gallinago,8
file1164.wav,Common Snipe - Gallinago gallinago,8
file1165.wav,Common Snipe - Gallinago gallinago,8
file1166.wav,Common Snipe - Gallinago gallinago,8
file1167.wav,Common Snipe - Gallinago gallinago,8
file1168.wav,Common Snipe - Gallinago gallinago,8
file1169.wav,Common Snipe - Gallinago gallinago,8
file1170.wav,Common Snipe - Gallinago gallinago,8
file1171.wav,Common Snipe - Gallinago gallinago,8
file1172.wav,Common Snipe - Gallinago gallinago,8
file1173.wav,Common Snipe - Gallinago gallinago,8
file1174.wav,Common Snipe - Gallinago gallinago,8
file1175.wav,Common Snipe - Gallinago gallinago,8
file1176.wav,Whistling Duck - Dendrocygna viduata,9
file1177.wav,Whistling Duck - Dendrocygna viduata,9
file1178.wav,Whistling Duck - Dendrocygna viduata,9
file1179.wav,Whistling Duck - Dendrocygna viduata,9
file1180.wav,Whistling Duck - Dendrocygna viduata,9
file1181.wav,Whistling Duck - Dendrocygna viduata,9
file1182.wav,Whistling Duck - Dendrocygna viduata,9
file1183.wav,Whistling Duck - Dendrocygna viduata,9
file1184.wav,Whistling Duck - Dendrocygna viduata,9
file1185.wav,Whistling Duck - Dendrocygna viduata,9
file1186.wav,Whistling Duck - Dendrocygna viduata,9
file1187.wav,Whistling Duck - Dendrocygna viduata,9
file1188.wav,Whistling Duck - Dendrocygna viduata,9
file1189.wav,Whistling Duck - Dendrocygna viduata,9
file1190.wav,Whistling Duck - Dendrocygna viduata,9
file1191.wav,Red-whiskered Bulbul - Pycnonotus jocosus,0
file1192.wav,Red-whiskered Bulbul - Pycnonotus jocosus,0
file1193.wav,Red-whiskered Bulbul - Pycnonotus jocosus,0
file1194.wav,Red-whiskered Bulbul - Pycnonotus jocosus,0
file1195.wav,Red-whiskered Bulbul - Pycnonotus jocosus,0
file1196.wav,Red-whiskered Bulbul - Pycnonotus jocosus,0
file1197.wav,Red-whiskered Bulbul - Pycnonotus jocosus,0
file1198.wav,Red-whiskered Bulbul - Pycnonotus jocosus,0
file1199.wav,Red-whiskered Bulbul - Pycnonotus jocosus,0
file1200.wav,Red-whiskered Bulbul - Pycnonotus jocosus,0
file1201.wav,Red-whiskered Bulbul - Pycnonotus jocosus,0
file1202.wav,Red-whiskered Bulbul - Pycnonotus jocosus,0
file1203.wav,Red-whiskered Bulbul - Pycnonotus jocosus,0
file1204.wav,Red-whiskered Bulbul - Pycnonotus jocosus,0
file1205.wav,Red-whiskered Bulbul - Pycnonotus jocosus,0
file1206.wav,Red-whiskered Bulbul - Pycnonotus jocosus,0
file1207.wav,Great Tit - Parus major,1
file1208.wav,Great Tit - Parus major,1
file1209.wav,Great Tit - Parus major,1
file1210.wav,Great Tit - Parus major,1
file1211.wav,Great Tit - Parus major,1
file1212.wav,Great Tit - Parus major,1
file1213.wav,Great Tit - Parus major,1
file1214.wav,Great Tit - Parus major,1
file1215.wav,Great Tit - Parus major,1
file1216.wav,Great Tit - Parus major,1
file1217.wav,Great Tit - Parus major,1
file1218.wav,Great Tit - Parus major,1
file1219.wav,Great Tit - Parus major,1
file1220.wav,Great Tit - Parus major,1
file1221.wav,Great Tit - Parus major,1
file1222.wav,Great Tit - Parus major,1
file1223.wav,Great Tit - Parus major,1
file1224.wav,Great Tit - Parus major,1
file1225.wav,Great Tit - Parus major,1
file1226.wav,Great Tit - Parus major,1
file1227.wav,Great Tit - Parus major,1
file1228.wav,Great Tit - Parus major,1
file1229.wav,Great Tit - Parus major,1
file1230.wav,Great Tit - Parus major,1
file1231.wav,Willow Warbler - Phylloscopus trochilus,2
file1232.wav,Willow Warbler - Phylloscopus trochilus,2
file1233.wav,Willow Warbler - Phylloscopus trochilus,2
file1234.wav,Willow Warbler - Phylloscopus trochilus,2
file1235.wav,Willow Warbler - Phylloscopus trochilus,2
file1236.wav,Willow Warbler - Phylloscopus trochilus,2
file1237.wav,Willow Warbler - Phylloscopus trochilus,2
file1238.wav,Willow Warbler - Phylloscopus trochilus,2
file1239.wav,Willow Warbler - Phylloscopus trochilus,2
file1240.wav,Willow Warbler - Phylloscopus trochilus,2
file1241.wav,Willow Warbler - Phylloscopus trochilus,2
file1242.wav,Willow Warbler - Phylloscopus trochilus,2
file1243.wav,Willow Warbler - Phylloscopus trochilus,2
file1244.wav,Willow Warbler - Phylloscopus trochilus,2
file1245.wav,Willow Warbler - Phylloscopus trochilus,2
file1246.wav,Willow Warbler - Phylloscopus trochilus,2
file1247.wav,European Pied Flycatcher - Ficedula hypoleuca,3
file1248.wav,European Pied Flycatcher - Ficedula hypoleuca,3
file1249.wav,European Pied Flycatcher - Ficedula hypoleuca,3
file1250.wav,European Pied Flycatcher - Ficedula hypoleuca,3
file1251.wav,European Pied Flycatcher - Ficedula hypoleuca,3
file1252.wav,European Pied Flycatcher - Ficedula hypoleuca,3
file1253.wav,European Pied Flycatcher - Ficedula hypoleuca,3
file1254.wav,European Pied Flycatcher - Ficedula hypoleuca,3
file1255.wav,European Pied Flycatcher - Ficedula hypoleuca,3
file1256.wav,European Pied Flycatcher - Ficedula hypoleuca,3
file1257.wav,European Pied Flycatcher - Ficedula hypoleuca,3
file1258.wav,European Pied Flycatcher - Ficedula hypoleuca,3
file1259.wav,European Pied Flycatcher - Ficedula hypoleuca,3
file1260.wav,European Pied Flycatcher - Ficedula hypoleuca,3
file1261.wav,European Pied Flycatcher - Ficedula hypoleuca,3
file1262.wav,European Pied Flycatcher - Ficedula hypoleuca,3
file1263.wav,European Pied Flycatcher - Ficedula hypoleuca,3
file1264.wav,European Pied Flycatcher - Ficedula hypoleuca,3
file1265.wav,European Pied Flycatcher - Ficedula hypoleuca,3
file1266.wav,European Pied Flycatcher - Ficedula hypoleuca,3
file1267.wav,European Pied Flycatcher - Ficedula hypoleuca,3
file1268.wav,European Pied Flycatcher - Ficedula hypoleuca,3
file1269.wav,European Pied Flycatcher - Ficedula hypoleuca,3
file1270.wav,European Pied Flycatcher - Ficedula hypoleuca,3
file1271.wav,European Pied Flycatcher - Ficedula hypoleuca,3
file1272.wav,European Pied Flycatcher - Ficedula hypoleuca,3
file1273.wav,European Pied Flycatcher - Ficedula hypoleuca,3
file1274.wav,European Pied Flycatcher - Ficedula hypoleuca,3
file1275.wav,European Pied Flycatcher - Ficedula hypoleuca,3
file1276.wav,European Pied Flycatcher - Ficedula hypoleuca,3
file1277.wav,Common Blackbird - Turdus merula,4
file1278.wav,Common Blackbird - Turdus merula,4
file1279.wav,Common Blackbird - Turdus merula,4
file1280.wav,Common Blackbird - Turdus merula,4
file1281.wav,Common Blackbird - Turdus merula,4
file1282.wav,Common Blackbird - Turdus merula,4
file1283.wav,Common Blackbird - Turdus merula,4
file1284.wav,Common Blackbird - Turdus merula,4
file1285.wav,Common Blackbird - Turdus merula,4
file1286.wav,Common Blackbird - Turdus merula,4
file1287.wav,Common Blackbird - Turdus merula,4
file1288.wav,Common Blackbird - Turdus merula,4
file1289.wav,Common Blackbird - Turdus merula,4
file1290.wav,Common Blackbird - Turdus merula,4
file1291.wav,Common Blackbird - Turdus merula,4
file1292.wav,Common Blackbird - Turdus merula,4
file1293.wav,Common Blackbird - Turdus merula,4
file1294.wav,Common Blackbird - Turdus merula,4
file1295.wav,Common Blackbird - Turdus merula,4
file1296.wav,Common Blackbird - Turdus merula,4
file1297.wav,Common Blackbird - Turdus merula,4
file1298.wav,Common Redstart - Phoenicurus phoenicurus,5
file1299.wav,Common Redstart - Phoenicurus phoenicurus,5
file1300.wav,Common Redstart - Phoenicurus phoenicurus,5
file1301.wav,Common Redstart - Phoenicurus phoenicurus,5
file1302.wav,Common Redstart - Phoenicurus phoenicurus,5
file1303.wav,Common Redstart - Phoenicurus phoenicurus,5
file1304.wav,Common Redstart - Phoenicurus phoenicurus,5
file1305.wav,Common Redstart - Phoenicurus phoenicurus,5
file1306.wav,Common Redstart - Phoenicurus phoenicurus,5
file1307.wav,Common Redstart - Phoenicurus phoenicurus,5
file1308.wav,Common Redstart - Phoenicurus phoenicurus,5
file1309.wav,Common Redstart - Phoenicurus phoenicurus,5
file1310.wav,Common Redstart - Phoenicurus phoenicurus,5
file1311.wav,Common Redstart - Phoenicurus phoenicurus,5
file1312.wav,Common Redstart - Phoenicurus phoenicurus,5
file1313.wav,Common Redstart - Phoenicurus phoenicurus,5
file1314.wav,Common Redstart - Phoenicurus phoenicurus,5
file1315.wav,Common Redstart - Phoenicurus phoenicurus,5
file1316.wav,Common Redstart - Phoenicurus phoenicurus,5
file1317.wav,Common Redstart - Phoenicurus phoenicurus,5
file1318.wav,Common Redstart - Phoenicurus phoenicurus,5
file1319.wav,Common Redstart - Phoenicurus phoenicurus,5
file1320.wav,Common Redstart - Phoenicurus phoenicurus,5
file1321.wav,Common Redstart - Phoenicurus phoenicurus,5
file1322.wav,Greenish Warbler - Phylloscopus trochiloides viridanus,6
file1323.wav,Greenish Warbler - Phylloscopus trochiloides viridanus,6
file1324.wav,Greenish Warbler - Phylloscopus trochiloides viridanus,6
file1325.wav,Greenish Warbler - Phylloscopus trochiloides viridanus,6
file1326.wav,Greenish Warbler - Phylloscopus trochiloides viridanus,6
file1327.wav,Greenish Warbler - Phylloscopus trochiloides viridanus,6
file1328.wav,Greenish Warbler - Phylloscopus trochiloides viridanus,6
file1329.wav,Greenish Warbler - Phylloscopus trochiloides viridanus,6
file1330.wav,Greenish Warbler - Phylloscopus trochiloides viridanus,6
file1331.wav,Greenish Warbler - Phylloscopus trochiloides viridanus,6
file1332.wav,Greenish Warbler - Phylloscopus trochiloides viridanus,6
file1333.wav,Greenish Warbler - Phylloscopus trochiloides viridanus,6
file1334.wav,Greenish Warbler - Phylloscopus trochiloides viridanus,6
file1335.wav,Greenish Warbler - Phylloscopus trochiloides viridanus,6
file1336.wav,Greenish Warbler - Phylloscopus trochiloides viridanus,6
file1337.wav,Greenish Warbler - Phylloscopus trochiloides viridanus,6
file1338.wav,Greenish Warbler - Phylloscopus trochiloides viridanus,6
file1339.wav,Greenish Warbler - Phylloscopus trochiloides viridanus,6
file1340.wav,Greenish Warbler - Phylloscopus trochiloides viridanus,6
file1341.wav,Greenish Warbler - Phylloscopus trochiloides viridanus,6
file1342.wav,Greenish Warbler - Phylloscopus trochiloides viridanus,6
file1343.wav,Greenish Warbler - Phylloscopus trochiloides viridanus,6
file1344.wav,Greenish Warbler - Phylloscopus trochiloides viridanus,6
file1345.wav,Greenish Warbler - Phylloscopus trochiloides viridanus,6
file1346.wav,Blue Jay - Cyanocitta cristata,7
file1347.wav,Blue Jay - Cyanocitta cristata,7
file1348.wav,Blue Jay - Cyanocitta cristata,7
file1349.wav,Blue Jay - Cyanocitta cristata,7
file1350.wav,Blue Jay - Cyanocitta cristata,7
file1351.wav,Blue Jay - Cyanocitta cristata,7
file1352.wav,Blue Jay - Cyanocitta cristata,7
file1353.wav,Blue Jay - Cyanocitta cristata,7
file1354.wav,Blue Jay - Cyanocitta cristata,7
file1355.wav,Blue Jay - Cyanocitta cristata,7
file1356.wav,Blue Jay - Cyanocitta cristata,7
file1357.wav,Blue Jay - Cyanocitta cristata,7
file1358.wav,Blue Jay - Cyanocitta cristata,7
file1359.wav,Blue Jay - Cyanocitta cristata,7
file1360.wav,Blue Jay - Cyanocitta cristata,7
file1361.wav,Blue Jay - Cyanocitta cristata,7
file1362.wav,Blue Jay - Cyanocitta cristata,7
file1363.wav,Blue Jay - Cyanocitta cristata,7
file1364.wav,Blue Jay - Cyanocitta cristata,7
file1365.wav,Common Snipe - Gallinago gallinago,8
file1366.wav,Common Snipe - Gallinago gallinago,8
file1367.wav,Common Snipe - Gallinago gallinago,8
file1368.wav,Common Snipe - Gallinago gallinago,8
file1369.wav,Common Snipe - Gallinago gallinago,8
file1370.wav,Common Snipe - Gallinago gallinago,8
file1371.wav,Common Snipe - Gallinago gallinago,8
file1372.wav,Common Snipe - Gallinago gallinago,8
file1373.wav,Common Snipe - Gallinago gallinago,8
file1374.wav,Common Snipe - Gallinago gallinago,8
file1375.wav,Common Snipe - Gallinago gallinago,8
file1376.wav,Common Snipe - Gallinago gallinago,8
file1377.wav,Common Snipe - Gallinago gallinago,8
file1378.wav,Common Snipe - Gallinago gallinago,8
file1379.wav,Common Snipe - Gallinago gallinago,8
file1380.wav,Common Snipe - Gallinago gallinago,8
file1381.wav,Common Snipe - Gallinago gallinago,8
file1382.wav,Common Snipe - Gallinago gallinago,8
file1383.wav,Common Snipe - Gallinago gallinago,8
file1384.wav,Common Snipe - Gallinago gallinago,8
file1385.wav,Common Snipe - Gallinago gallinago,8
file1386.wav,Common Snipe - Gallinago gallinago,8
file1387.wav,Whistling Duck - Dendrocygna viduata,9
file1388.wav,Whistling Duck - Dendrocygna viduata,9
file1389.wav,Whistling Duck - Dendrocygna viduata,9
file1390.wav,Whistling Duck - Dendrocygna viduata,9
file1391.wav,Whistling Duck - Dendrocygna viduata,9
file1392.wav,Whistling Duck - Dendrocygna viduata,9
file1393.wav,Whistling Duck - Dendrocygna viduata,9
file1394.wav,Whistling Duck - Dendrocygna viduata,9
file1395.wav,Whistling Duck - Dendrocygna viduata,9
file1396.wav,Whistling Duck - Dendrocygna viduata,9
file1397.wav,Whistling Duck - Dendrocygna viduata,9
file1398.wav,Whistling Duck - Dendrocygna viduata,9
file1399.wav,Whistling Duck - Dendrocygna viduata,9
file1400.wav,Whistling Duck - Dendrocygna viduata,9
file1401.wav,Whistling Duck - Dendrocygna viduata,9
file1402.wav,Whistling Duck - Dendrocygna viduata,9
file1403.wav,Whistling Duck - Dendrocygna viduata,9
file1404.wav,Whistling Duck - Dendrocygna viduata,9
file1405.wav,Red-whiskered Bulbul - Pycnonotus jocosus,0
file1406.wav,Red-whiskered Bulbul - Pycnonotus jocosus,0
file1407.wav,Red-whiskered Bulbul - Pycnonotus jocosus,0
file1408.wav,Red-whiskered Bulbul - Pycnonotus jocosus,0
file1409.wav,Red-whiskered Bulbul - Pycnonotus jocosus,0
file1410.wav,Red-whiskered Bulbul - Pycnonotus jocosus,0
file1411.wav,Red-whiskered Bulbul - Pycnonotus jocosus,0
file1412.wav,Red-whiskered Bulbul - Pycnonotus jocosus,0
file1413.wav,Red-whiskered Bulbul - Pycnonotus jocosus,0
file1414.wav,Red-whiskered Bulbul - Pycnonotus jocosus,0
file1415.wav,Red-whiskered Bulbul - Pycnonotus jocosus,0
file1416.wav,Red-whiskered Bulbul - Pycnonotus jocosus,0
file1417.wav,Red-whiskered Bulbul - Pycnonotus jocosus,0
file1418.wav,Red-whiskered Bulbul - Pycnonotus jocosus,0
file1419.wav,Red-whiskered Bulbul - Pycnonotus jocosus,0
file1420.wav,Red-whiskered Bulbul - Pycnonotus jocosus,0
file1421.wav,Red-whiskered Bulbul - Pycnonotus jocosus,0
file1422.wav,Red-whiskered Bulbul - Pycnonotus jocosus,0
file1423.wav,Red-whiskered Bulbul - Pycnonotus jocosus,0
file1424.wav,Red-whiskered Bulbul - Pycnonotus jocosus,0
file1425.wav,Red-whiskered Bulbul - Pycnonotus jocosus,0
file1426.wav,Red-whiskered Bulbul - Pycnonotus jocosus,0
file1427.wav,Great Tit - Parus major,1
file1428.wav,Great Tit - Parus major,1
file1429.wav,Great Tit - Parus major,1
file1430.wav,Great Tit - Parus major,1
file1431.wav,Great Tit - Parus major,1
file1432.wav,Great Tit - Parus major,1
file1433.wav,Great Tit - Parus major,1
file1434.wav,Great Tit - Parus major,1
file1435.wav,Great Tit - Parus major,1
file1436.wav,Great Tit - Parus major,1
file1437.wav,Great Tit - Parus major,1
file1438.wav,Great Tit - Parus major,1
file1439.wav,Great Tit - Parus major,1
file1440.wav,Great Tit - Parus major,1
file1441.wav,Great Tit - Parus major,1
file1442.wav,Great Tit - Parus major,1
file1443.wav,Great Tit - Parus major,1
file1444.wav,Willow Warbler - Phylloscopus trochilus,2
file1445.wav,Willow Warbler - Phylloscopus trochilus,2
file1446.wav,Willow Warbler - Phylloscopus trochilus,2
file1447.wav,Willow Warbler - Phylloscopus trochilus,2
file1448.wav,Willow Warbler - Phylloscopus trochilus,2
file1449.wav,Willow Warbler - Phylloscopus trochilus,2
file1450.wav,Willow Warbler - Phylloscopus trochilus,2
file1451.wav,Willow Warbler - Phylloscopus trochilus,2
file1452.wav,Willow Warbler - Phylloscopus trochilus,2
file1453.wav,Willow Warbler - Phylloscopus trochilus,2
file1454.wav,Willow Warbler - Phylloscopus trochilus,2
file1455.wav,Willow Warbler - Phylloscopus trochilus,2
file1456.wav,Willow Warbler - Phylloscopus trochilus,2
file1457.wav,Willow Warbler - Phylloscopus trochilus,2
file1458.wav,Willow Warbler - Phylloscopus trochilus,2
file1459.wav,Willow Warbler - Phylloscopus trochilus,2
file1460.wav,Willow Warbler - Phylloscopus trochilus,2
file1461.wav,Willow Warbler - Phylloscopus trochilus,2
file1462.wav,Willow Warbler - Phylloscopus trochilus,2
file1463.wav,Willow Warbler - Phylloscopus trochilus,2
file1464.wav,Willow Warbler - Phylloscopus trochilus,2
file1465.wav,Willow Warbler - Phylloscopus trochilus,2
file1466.wav,Willow Warbler - Phylloscopus trochilus,2
file1467.wav,Willow Warbler - Phylloscopus trochilus,2
file1468.wav,Willow Warbler - Phylloscopus trochilus,2
file1469.wav,Willow Warbler - Phylloscopus trochilus,2
file1470.wav,Willow Warbler - Phylloscopus trochilus,2
file1471.wav,Willow Warbler - Phylloscopus trochilus,2
file1472.wav,Willow Warbler - Phylloscopus trochilus,2
file1473.wav,Willow Warbler - Phylloscopus trochilus,2
file1474.wav,European Pied Flycatcher - Ficedula hypoleuca,3
file1475.wav,European Pied Flycatcher - Ficedula hypoleuca,3
file1476.wav,European Pied Flycatcher - Ficedula hypoleuca,3
file1477.wav,European Pied Flycatcher - Ficedula hypoleuca,3
file1478.wav,European Pied Flycatcher - Ficedula hypoleuca,3
file1479.wav,European Pied Flycatcher - Ficedula hypoleuca,3
file1480.wav,European Pied Flycatcher - Ficedula hypoleuca,3
file1481.wav,European Pied Flycatcher - Ficedula hypoleuca,3
file1482.wav,European Pied Flycatcher - Ficedula hypoleuca,3
file1483.wav,European Pied Flycatcher - Ficedula hypoleuca,3
file1484.wav,European Pied Flycatcher - Ficedula hypoleuca,3
file1485.wav,European Pied Flycatcher - Ficedula hypoleuca,3
file1486.wav,European Pied Flycatcher - Ficedula hypoleuca,3
file1487.wav,European Pied Flycatcher - Ficedula hypoleuca,3
file1488.wav,European Pied Flycatcher - Ficedula hypoleuca,3
file1489.wav,Common Blackbird - Turdus merula,4
file1490.wav,Common Blackbird - Turdus merula,4
file1491.wav,Common Blackbird - Turdus merula,4
file1492.wav,Common Blackbird - Turdus merula,4
file1493.wav,Common Blackbird - Turdus merula,4
file1494.wav,Common Blackbird - Turdus merula,4
file1495.wav,Common Blackbird - Turdus merula,4
file1496.wav,Common Blackbird - Turdus merula,4
file1497.wav,Common Blackbird - Turdus merula,4
file1498.wav,Common Blackbird - Turdus merula,4
file1499.wav,Common Blackbird - Turdus merula,4
file1500.wav,Common Blackbird - Turdus merula,4
file1501.wav,Common Blackbird - Turdus merula,4
file1502.wav,Common Blackbird - Turdus merula,4
file1503.wav,Common Blackbird - Turdus merula,4
file1504.wav,Common Blackbird - Turdus merula,4
file1505.wav,Common Blackbird - Turdus merula,4
file1506.wav,Common Blackbird - Turdus merula,4
file1507.wav,Greenish Warbler - Phylloscopus trochiloides viridanus,6
file1508.wav,Greenish Warbler - Phylloscopus trochiloides viridanus,6
file1509.wav,Greenish Warbler - Phylloscopus trochiloides viridanus,6
file1510.wav,Greenish Warbler - Phylloscopus trochiloides viridanus,6
file1511.wav,Greenish Warbler - Phylloscopus trochiloides viridanus,6
file1512.wav,Greenish Warbler - Phylloscopus trochiloides viridanus,6
file1513.wav,Greenish Warbler - Phylloscopus trochiloides viridanus,6
file1514.wav,Greenish Warbler - Phylloscopus trochiloides viridanus,6
file1515.wav,Greenish Warbler - Phylloscopus trochiloides viridanus,6
file1516.wav,Greenish Warbler - Phylloscopus trochiloides viridanus,6
file1517.wav,Greenish Warbler - Phylloscopus trochiloides viridanus,6
file1518.wav,Greenish Warbler - Phylloscopus trochiloides viridanus,6
file1519.wav,Greenish Warbler - Phylloscopus trochiloides viridanus,6
file1520.wav,Greenish Warbler - Phylloscopus trochiloides viridanus,6
file1521.wav,Greenish Warbler - Phylloscopus trochiloides viridanus,6
file1522.wav,Greenish Warbler - Phylloscopus trochiloides viridanus,6
file1523.wav,Greenish Warbler - Phylloscopus trochiloides viridanus,6
file1524.wav,Greenish Warbler - Phylloscopus trochiloides viridanus,6
file1525.wav,Greenish Warbler - Phylloscopus trochiloides viridanus,6
file1526.wav,Greenish Warbler - Phylloscopus trochiloides viridanus,6
file1527.wav,Greenish Warbler - Phylloscopus trochiloides viridanus,6
file1528.wav,Greenish Warbler - Phylloscopus trochiloides viridanus,6
file1529.wav,Greenish Warbler - Phylloscopus trochiloides viridanus,6
file1530.wav,Greenish Warbler - Phylloscopus trochiloides viridanus,6
file1531.wav,Blue Jay - Cyanocitta cristata,7
file1532.wav,Blue Jay - Cyanocitta cristata,7
file1533.wav,Blue Jay - Cyanocitta cristata,7
file1534.wav,Blue Jay - Cyanocitta cristata,7
file1535.wav,Blue Jay - Cyanocitta cristata,7
file1536.wav,Blue Jay - Cyanocitta cristata,7
file1537.wav,Blue Jay - Cyanocitta cristata,7
file1538.wav,Blue Jay - Cyanocitta cristata,7
file1539.wav,Blue Jay - Cyanocitta cristata,7
file1540.wav,Blue Jay - Cyanocitta cristata,7
file1541.wav,Blue Jay - Cyanocitta cristata,7
file1542.wav,Blue Jay - Cyanocitta cristata,7
file1543.wav,Blue Jay - Cyanocitta cristata,7
file1544.wav,Blue Jay - Cyanocitta cristata,7
file1545.wav,Blue Jay - Cyanocitta cristata,7
file1546.wav,Blue Jay - Cyanocitta cristata,7
file1547.wav,Blue Jay - Cyanocitta cristata,7
file1548.wav,Blue Jay - Cyanocitta cristata,7
file1549.wav,Blue Jay - Cyanocitta cristata,7
file1550.wav,Blue Jay - Cyanocitta cristata,7
file1551.wav,Blue Jay - Cyanocitta cristata,7
file1552.wav,Blue Jay - Cyanocitta cristata,7
file1553.wav,Blue Jay - Cyanocitta cristata,7
file1554.wav,Common Snipe - Gallinago gallinago,8
file1555.wav,Common Snipe - Gallinago gallinago,8
file1556.wav,Common Snipe - Gallinago gallinago,8
file1557.wav,Common Snipe - Gallinago gallinago,8
file1558.wav,Common Snipe - Gallinago gallinago,8
file1559.wav,Common Snipe - Gallinago gallinago,8
file1560.wav,Common Snipe - Gallinago gallinago,8
file1561.wav,Common Snipe - Gallinago gallinago,8
file1562.wav,Common Snipe - Gallinago gallinago,8
file1563.wav,Common Snipe - Gallinago gallinago,8
file1564.wav,Common Snipe - Gallinago gallinago,8
file1565.wav,Common Snipe - Gallinago gallinago,8
file1566.wav,Common Snipe - Gallinago gallinago,8
file1567.wav,Common Snipe - Gallinago gallinago,8
file1568.wav,Common Snipe - Gallinago gallinago,8
file1569.wav,Common Snipe - Gallinago gallinago,8
file1570.wav,Common Snipe - Gallinago gallinago,8
file1571.wav,Common Snipe - Gallinago gallinago,8
file1572.wav,Common Snipe - Gallinago gallinago,8
file1573.wav,Whistling Duck - Dendrocygna viduata,9
file1574.wav,Whistling Duck - Dendrocygna viduata,9
file1575.wav,Whistling Duck - Dendrocygna viduata,9
file1576.wav,Whistling Duck - Dendrocygna viduata,9
file1577.wav,Whistling Duck - Dendrocygna viduata,9
file1578.wav,Whistling Duck - Dendrocygna viduata,9
file1579.wav,Whistling Duck - Dendrocygna viduata,9
file1580.wav,Whistling Duck - Dendrocygna viduata,9
file1581.wav,Whistling Duck - Dendrocygna viduata,9
file1582.wav,Whistling Duck - Dendrocygna viduata,9
file1583.wav,Whistling Duck - Dendrocygna viduata,9
file1584.wav,Whistling Duck - Dendrocygna viduata,9
file1585.wav,Whistling Duck - Dendrocygna viduata,9
file1586.wav,Whistling Duck - Dendrocygna viduata,9
file1587.wav,Whistling Duck - Dendrocygna viduata,9
file1588.wav,Red-whiskered Bulbul - Pycnonotus jocosus,0
file1589.wav,Red-whiskered Bulbul - Pycnonotus jocosus,0
file1590.wav,Red-whiskered Bulbul - Pycnonotus jocosus,0
file1591.wav,Red-whiskered Bulbul - Pycnonotus jocosus,0
file1592.wav,Red-whiskered Bulbul - Pycnonotus jocosus,0
file1593.wav,Red-whiskered Bulbul - Pycnonotus jocosus,0
file1594.wav,Red-whiskered Bulbul - Pycnonotus jocosus,0
file1595.wav,Red-whiskered Bulbul - Pycnonotus jocosus,0
file1596.wav,Red-whiskered Bulbul - Pycnonotus jocosus,0
file1597.wav,Red-whiskered Bulbul - Pycnonotus jocosus,0
file1598.wav,Red-whiskered Bulbul - Pycnonotus jocosus,0
file1599.wav,Red-whiskered Bulbul - Pycnonotus jocosus,0
file1600.wav,Red-whiskered Bulbul - Pycnonotus jocosus,0
file1601.wav,Red-whiskered Bulbul - Pycnonotus jocosus,0
file1602.wav,Red-whiskered Bulbul - Pycnonotus jocosus,0
file1603.wav,Red-whiskered Bulbul - Pycnonotus jocosus,0
file1604.wav,Red-whiskered Bulbul - Pycnonotus jocosus,0
file1605.wav,Red-whiskered Bulbul - Pycnonotus jocosus,0
file1606.wav,Red-whiskered Bulbul - Pycnonotus jocosus,0
file1607.wav,Red-whiskered Bulbul - Pycnonotus jocosus,0
file1608.wav,Red-whiskered Bulbul - Pycnonotus jocosus,0
file1609.wav,Red-whiskered Bulbul - Pycnonotus jocosus,0
file1610.wav,Red-whiskered Bulbul - Pycnonotus jocosus,0
file1611.wav,Red-whiskered Bulbul - Pycnonotus jocosus,0
file1612.wav,Red-whiskered Bulbul - Pycnonotus jocosus,0
file1613.wav,Red-whiskered Bulbul - Pycnonotus jocosus,0
file1614.wav,Red-whiskered Bulbul - Pycnonotus jocosus,0
file1615.wav,Red-whiskered Bulbul - Pycnonotus jocosus,0
file1616.wav,Red-whiskered Bulbul - Pycnonotus jocosus,0
file1617.wav,Red-whiskered Bulbul - Pycnonotus jocosus,0
file1618.wav,Red-whiskered Bulbul - Pycnonotus jocosus,0
file1619.wav,Red-whiskered Bulbul - Pycnonotus jocosus,0
file1620.wav,Red-whiskered Bulbul - Pycnonotus jocosus,0
file1621.wav,Red-whiskered Bulbul - Pycnonotus jocosus,0
file1622.wav,Red-whiskered Bulbul - Pycnonotus jocosus,0
file1623.wav,Red-whiskered Bulbul - Pycnonotus jocosus,0
file1624.wav,Red-whiskered Bulbul - Pycnonotus jocosus,0
file1625.wav,Red-whiskered Bulbul - Pycnonotus jocosus,0
file1626.wav,Red-whiskered Bulbul - Pycnonotus jocosus,0
file1627.wav,Red-whiskered Bulbul - Pycnonotus jocosus,0
file1628.wav,Red-whiskered Bulbul - Pycnonotus jocosus,0
file1629.wav,Red-whiskered Bulbul - Pycnonotus jocosus,0
file1630.wav,Red-whiskered Bulbul - Pycnonotus jocosus,0
file1631.wav,Red-whiskered Bulbul - Pycnonotus jocosus,0
file1632.wav,Red-whiskered Bulbul - Pycnonotus jocosus,0
file1633.wav,Red-whiskered Bulbul - Pycnonotus jocosus,0
file1634.wav,Red-whiskered Bulbul - Pycnonotus jocosus,0
file1635.wav,Red-whiskered Bulbul - Pycnonotus jocosus,0
file1636.wav,Red-whiskered Bulbul - Pycnonotus jocosus,0
file1637.wav,Red-whiskered Bulbul - Pycnonotus jocosus,0
file1638.wav,Red-whiskered Bulbul - Pycnonotus jocosus,0
file1639.wav,Red-whiskered Bulbul - Pycnonotus jocosus,0
file1640.wav,Red-whiskered Bulbul - Pycnonotus jocosus,0
file1641.wav,Red-whiskered Bulbul - Pycnonotus jocosus,0
file1642.wav,Red-whiskered Bulbul - Pycnonotus jocosus,0
file1643.wav,Red-whiskered Bulbul - Pycnonotus jocosus,0
file1644.wav,Red-whiskered Bulbul - Pycnonotus jocosus,0
file1645.wav,Red-whiskered Bulbul - Pycnonotus jocosus,0
file1646.wav,Red-whiskered Bulbul - Pycnonotus jocosus,0
file1647.wav,Red-whiskered Bulbul - Pycnonotus jocosus,0
file1648.wav,Red-whiskered Bulbul - Pycnonotus jocosus,0
file1649.wav,Red-whiskered Bulbul - Pycnonotus jocosus,0
file1650.wav,Red-whiskered Bulbul - Pycnonotus jocosus,0
file1651.wav,Red-whiskered Bulbul - Pycnonotus jocosus,0
file1652.wav,Red-whiskered Bulbul - Pycnonotus jocosus,0
file1653.wav,Red-whiskered Bulbul - Pycnonotus jocosus,0
file1654.wav,Red-whiskered Bulbul - Pycnonotus jocosus,0
file1655.wav,Red-whiskered Bulbul - Pycnonotus jocosus,0
file1656.wav,Red-whiskered Bulbul - Pycnonotus jocosus,0
file1657.wav,Red-whiskered Bulbul - Pycnonotus jocosus,0
file1658.wav,Red-whiskered Bulbul - Pycnonotus jocosus,0
file1659.wav,Red-whiskered Bulbul - Pycnonotus jocosus,0
file1660.wav,Red-whiskered Bulbul - Pycnonotus jocosus,0
file1661.wav,Red-whiskered Bulbul - Pycnonotus jocosus,0
file1662.wav,Red-whiskered Bulbul - Pycnonotus jocosus,0
file1663.wav,Red-whiskered Bulbul - Pycnonotus jocosus,0
file1664.wav,Red-whiskered Bulbul - Pycnonotus jocosus,0
file1665.wav,Red-whiskered Bulbul - Pycnonotus jocosus,0
file1666.wav,Red-whiskered Bulbul - Pycnonotus jocosus,0
file1667.wav,Red-whiskered Bulbul - Pycnonotus jocosus,0
file1668.wav,Red-whiskered Bulbul - Pycnonotus jocosus,0
file1669.wav,Red-whiskered Bulbul - Pycnonotus jocosus,0
file1670.wav,Red-whiskered Bulbul - Pycnonotus jocosus,0
file1671.wav,Red-whiskered Bulbul - Pycnonotus jocosus,0
file1672.wav,Willow Warbler - Phylloscopus trochilus,1
file1673.wav,Willow Warbler - Phylloscopus trochilus,1
file1674.wav,Willow Warbler - Phylloscopus trochilus,1
file1675.wav,Willow Warbler - Phylloscopus trochilus,1
file1676.wav,Willow Warbler - Phylloscopus trochilus,1
file1677.wav,Willow Warbler - Phylloscopus trochilus,1
file1678.wav,Willow Warbler - Phylloscopus trochilus,1
file1679.wav,Willow Warbler - Phylloscopus trochilus,1
file1680.wav,Willow Warbler - Phylloscopus trochilus,1
file1681.wav,Willow Warbler - Phylloscopus trochilus,1
file1682.wav,Willow Warbler - Phylloscopus trochilus,1
file1683.wav,Willow Warbler - Phylloscopus trochilus,1
file1684.wav,Willow Warbler - Phylloscopus trochilus,1
file1685.wav,Willow Warbler - Phylloscopus trochilus,1
file1686.wav,Willow Warbler - Phylloscopus trochilus,1
file1687.wav,Willow Warbler - Phylloscopus trochilus,1
file1688.wav,Willow Warbler - Phylloscopus trochilus,1
file1689.wav,Willow Warbler - Phylloscopus trochilus,1
file1690.wav,Willow Warbler - Phylloscopus trochilus,1
file1691.wav,Willow Warbler - Phylloscopus trochilus,1
file1692.wav,Willow Warbler - Phylloscopus trochilus,1
file1693.wav,Willow Warbler - Phylloscopus trochilus,1
file1694.wav,Willow Warbler - Phylloscopus trochilus,1
file1695.wav,Willow Warbler - Phylloscopus trochilus,1
file1696.wav,Willow Warbler - Phylloscopus trochilus,1
file1697.wav,Willow Warbler - Phylloscopus trochilus,1
file1698.wav,Willow Warbler - Phylloscopus trochilus,1
file1699.wav,Willow Warbler - Phylloscopus trochilus,1
file1700.wav,Willow Warbler - Phylloscopus trochilus,1
file1701.wav,Willow Warbler - Phylloscopus trochilus,1
file1702.wav,Willow Warbler - Phylloscopus trochilus,1
file1703.wav,Willow Warbler - Phylloscopus trochilus,1
file1704.wav,Willow Warbler - Phylloscopus trochilus,1
file1705.wav,Willow Warbler - Phylloscopus trochilus,1
file1706.wav,Willow Warbler - Phylloscopus trochilus,1
file1707.wav,Willow Warbler - Phylloscopus trochilus,1
file1708.wav,Willow Warbler - Phylloscopus trochilus,1
file1709.wav,Willow Warbler - Phylloscopus trochilus,1
file1710.wav,Willow Warbler - Phylloscopus trochilus,1
file1711.wav,Willow Warbler - Phylloscopus trochilus,1
file1712.wav,Willow Warbler - Phylloscopus trochilus,1
file1713.wav,Willow Warbler - Phylloscopus trochilus,1
file1714.wav,Willow Warbler - Phylloscopus trochilus,1
file1715.wav,Willow Warbler - Phylloscopus trochilus,1
file1716.wav,Willow Warbler - Phylloscopus trochilus,1
file1717.wav,Willow Warbler - Phylloscopus trochilus,1
file1718.wav,Willow Warbler - Phylloscopus trochilus,1
file1719.wav,Willow Warbler - Phylloscopus trochilus,1
file1720.wav,Willow Warbler - Phylloscopus trochilus,1
file1721.wav,Willow Warbler - Phylloscopus trochilus,1
file1722.wav,Willow Warbler - Phylloscopus trochilus,1
file1723.wav,Willow Warbler - Phylloscopus trochilus,1
file1724.wav,Willow Warbler - Phylloscopus trochilus,1
file1725.wav,Willow Warbler - Phylloscopus trochilus,1
file1726.wav,Willow Warbler - Phylloscopus trochilus,1
file1727.wav,Willow Warbler - Phylloscopus trochilus,1
file1728.wav,Willow Warbler - Phylloscopus trochilus,1
file1729.wav,Willow Warbler - Phylloscopus trochilus,1
file1730.wav,Willow Warbler - Phylloscopus trochilus,1
file1731.wav,Willow Warbler - Phylloscopus trochilus,1
file1732.wav,Willow Warbler - Phylloscopus trochilus,1
file1733.wav,Willow Warbler - Phylloscopus trochilus,1
file1734.wav,Willow Warbler - Phylloscopus trochilus,1
file1735.wav,Willow Warbler - Phylloscopus trochilus,1
file1736.wav,Willow Warbler - Phylloscopus trochilus,1
file1737.wav,Willow Warbler - Phylloscopus trochilus,1
file1738.wav,Willow Warbler - Phylloscopus trochilus,1
file1739.wav,Willow Warbler - Phylloscopus trochilus,1
file1740.wav,Willow Warbler - Phylloscopus trochilus,1
file1741.wav,Willow Warbler - Phylloscopus trochilus,1
file1742.wav,Willow Warbler - Phylloscopus trochilus,1
file1743.wav,Willow Warbler - Phylloscopus trochilus,1
file1744.wav,Willow Warbler - Phylloscopus trochilus,1
file1745.wav,Willow Warbler - Phylloscopus trochilus,1
file1746.wav,Willow Warbler - Phylloscopus trochilus,1
file1747.wav,Willow Warbler - Phylloscopus trochilus,1
file1748.wav,Willow Warbler - Phylloscopus trochilus,1
file1749.wav,Willow Warbler - Phylloscopus trochilus,1
file1750.wav,Willow Warbler - Phylloscopus trochilus,1
file1751.wav,European Pied Flycatcher - Ficedula hypoleuca,2
file1752.wav,European Pied Flycatcher - Ficedula hypoleuca,2
file1753.wav,European Pied Flycatcher - Ficedula hypoleuca,2
file1754.wav,European Pied Flycatcher - Ficedula hypoleuca,2
file1755.wav,European Pied Flycatcher - Ficedula hypoleuca,2
file1756.wav,European Pied Flycatcher - Ficedula hypoleuca,2
file1757.wav,European Pied Flycatcher - Ficedula hypoleuca,2
file1758.wav,European Pied Flycatcher - Ficedula hypoleuca,2
file1759.wav,European Pied Flycatcher - Ficedula hypoleuca,2
file1760.wav,European Pied Flycatcher - Ficedula hypoleuca,2
file1761.wav,European Pied Flycatcher - Ficedula hypoleuca,2
file1762.wav,European Pied Flycatcher - Ficedula hypoleuca,2
file1763.wav,European Pied Flycatcher - Ficedula hypoleuca,2
file1764.wav,European Pied Flycatcher - Ficedula hypoleuca,2
file1765.wav,European Pied Flycatcher - Ficedula hypoleuca,2
file1766.wav,European Pied Flycatcher - Ficedula hypoleuca,2
file1767.wav,European Pied Flycatcher - Ficedula hypoleuca,2
file1768.wav,European Pied Flycatcher - Ficedula hypoleuca,2
file1769.wav,European Pied Flycatcher - Ficedula hypoleuca,2
file1770.wav,European Pied Flycatcher - Ficedula hypoleuca,2
file1771.wav,European Pied Flycatcher - Ficedula hypoleuca,2
file1772.wav,European Pied Flycatcher - Ficedula hypoleuca,2
file1773.wav,European Pied Flycatcher - Ficedula hypoleuca,2
file1774.wav,European Pied Flycatcher - Ficedula hypoleuca,2
file1775.wav,European Pied Flycatcher - Ficedula hypoleuca,2
file1776.wav,European Pied Flycatcher - Ficedula hypoleuca,2
file1777.wav,European Pied Flycatcher - Ficedula hypoleuca,2
file1778.wav,European Pied Flycatcher - Ficedula hypoleuca,2
file1779.wav,European Pied Flycatcher - Ficedula hypoleuca,2
file1780.wav,European Pied Flycatcher - Ficedula hypoleuca,2
file1781.wav,European Pied Flycatcher - Ficedula hypoleuca,2
file1782.wav,European Pied Flycatcher - Ficedula hypoleuca,2
file1783.wav,European Pied Flycatcher - Ficedula hypoleuca,2
file1784.wav,European Pied Flycatcher - Ficedula hypoleuca,2
file1785.wav,European Pied Flycatcher - Ficedula hypoleuca,2
file1786.wav,European Pied Flycatcher - Ficedula hypoleuca,2
file1787.wav,European Pied Flycatcher - Ficedula hypoleuca,2
file1788.wav,European Pied Flycatcher - Ficedula hypoleuca,2
file1789.wav,European Pied Flycatcher - Ficedula hypoleuca,2
file1790.wav,European Pied Flycatcher - Ficedula hypoleuca,2
file1791.wav,European Pied Flycatcher - Ficedula hypoleuca,2
file1792.wav,European Pied Flycatcher - Ficedula hypoleuca,2
file1793.wav,European Pied Flycatcher - Ficedula hypoleuca,2
file1794.wav,European Pied Flycatcher - Ficedula hypoleuca,2
file1795.wav,European Pied Flycatcher - Ficedula hypoleuca,2
file1796.wav,European Pied Flycatcher - Ficedula hypoleuca,2
file1797.wav,European Pied Flycatcher - Ficedula hypoleuca,2
file1798.wav,European Pied Flycatcher - Ficedula hypoleuca,2
file1799.wav,European Pied Flycatcher - Ficedula hypoleuca,2
file1800.wav,European Pied Flycatcher - Ficedula hypoleuca,2
file1801.wav,European Pied Flycatcher - Ficedula hypoleuca,2
file1802.wav,European Pied Flycatcher - Ficedula hypoleuca,2
file1803.wav,European Pied Flycatcher - Ficedula hypoleuca,2
file1804.wav,European Pied Flycatcher - Ficedula hypoleuca,2
file1805.wav,European Pied Flycatcher - Ficedula hypoleuca,2
file1806.wav,European Pied Flycatcher - Ficedula hypoleuca,2
file1807.wav,European Pied Flycatcher - Ficedula hypoleuca,2
file1808.wav,European Pied Flycatcher - Ficedula hypoleuca,2
file1809.wav,European Pied Flycatcher - Ficedula hypoleuca,2
file1810.wav,European Pied Flycatcher - Ficedula hypoleuca,2
file1811.wav,European Pied Flycatcher - Ficedula hypoleuca,2
file1812.wav,European Pied Flycatcher - Ficedula hypoleuca,2
file1813.wav,European Pied Flycatcher - Ficedula hypoleuca,2
file1814.wav,European Pied Flycatcher - Ficedula hypoleuca,2
file1815.wav,European Pied Flycatcher - Ficedula hypoleuca,2
file1816.wav,European Pied Flycatcher - Ficedula hypoleuca,2
file1817.wav,European Pied Flycatcher - Ficedula hypoleuca,2
file1818.wav,European Pied Flycatcher - Ficedula hypoleuca,2
file1819.wav,European Pied Flycatcher - Ficedula hypoleuca,2
file1820.wav,European Pied Flycatcher - Ficedula hypoleuca,2
file1821.wav,European Pied Flycatcher - Ficedula hypoleuca,2
file1822.wav,European Pied Flycatcher - Ficedula hypoleuca,2
file1823.wav,European Pied Flycatcher - Ficedula hypoleuca,2
file1824.wav,European Pied Flycatcher - Ficedula hypoleuca,2
file1825.wav,European Pied Flycatcher - Ficedula hypoleuca,2
file1826.wav,European Pied Flycatcher - Ficedula hypoleuca,2
file1827.wav,European Pied Flycatcher - Ficedula hypoleuca,2
file1828.wav,European Pied Flycatcher - Ficedula hypoleuca,2
file1829.wav,Common Blackbird - Turdus merula,3
file1830.wav,Common Blackbird - Turdus merula,3
file1831.wav,Common Blackbird - Turdus merula,3
file1832.wav,Common Blackbird - Turdus merula,3
file1833.wav,Common Blackbird - Turdus merula,3
file1834.wav,Common Blackbird - Turdus merula,3
file1835.wav,Common Blackbird - Turdus merula,3
file1836.wav,Common Blackbird - Turdus merula,3
file1837.wav,Common Blackbird - Turdus merula,3
file1838.wav,Common Blackbird - Turdus merula,3
file1839.wav,Common Blackbird - Turdus merula,3
file1840.wav,Common Blackbird - Turdus merula,3
file1841.wav,Common Blackbird - Turdus merula,3
file1842.wav,Common Blackbird - Turdus merula,3
file1843.wav,Common Blackbird - Turdus merula,3
file1844.wav,Common Blackbird - Turdus merula,3
file1845.wav,Common Blackbird - Turdus merula,3
file1846.wav,Common Blackbird - Turdus merula,3
file1847.wav,Common Blackbird - Turdus merula,3
file1848.wav,Common Blackbird - Turdus merula,3
file1849.wav,Common Blackbird - Turdus merula,3
file1850.wav,Common Blackbird - Turdus merula,3
file1851.wav,Common Blackbird - Turdus merula,3
file1852.wav,Common Blackbird - Turdus merula,3
file1853.wav,Common Blackbird - Turdus merula,3
file1854.wav,Common Blackbird - Turdus merula,3
file1855.wav,Common Blackbird - Turdus merula,3
file1856.wav,Common Blackbird - Turdus merula,3
file1857.wav,Common Blackbird - Turdus merula,3
file1858.wav,Common Blackbird - Turdus merula,3
file1859.wav,Common Blackbird - Turdus merula,3
file1860.wav,Common Blackbird - Turdus merula,3
file1861.wav,Common Blackbird - Turdus merula,3
file1862.wav,Common Blackbird - Turdus merula,3
file1863.wav,Common Blackbird - Turdus merula,3
file1864.wav,Common Blackbird - Turdus merula,3
file1865.wav,Common Blackbird - Turdus merula,3
file1866.wav,Common Blackbird - Turdus merula,3
file1867.wav,Common Blackbird - Turdus merula,3
file1868.wav,Common Blackbird - Turdus merula,3
file1869.wav,Common Blackbird - Turdus merula,3
file1870.wav,Common Blackbird - Turdus merula,3
file1871.wav,Common Blackbird - Turdus merula,3
file1872.wav,Common Blackbird - Turdus merula,3
file1873.wav,Common Blackbird - Turdus merula,3
file1874.wav,Common Blackbird - Turdus merula,3
file1875.wav,Common Blackbird - Turdus merula,3
file1876.wav,Common Blackbird - Turdus merula,3
file1877.wav,Common Blackbird - Turdus merula,3
file1878.wav,Common Blackbird - Turdus merula,3
file1879.wav,Common Blackbird - Turdus merula,3
file1880.wav,Common Blackbird - Turdus merula,3
file1881.wav,Common Blackbird - Turdus merula,3
file1882.wav,Common Blackbird - Turdus merula,3
file1883.wav,Common Blackbird - Turdus merula,3
file1884.wav,Common Blackbird - Turdus merula,3
file1885.wav,Common Blackbird - Turdus merula,3
file1886.wav,Common Blackbird - Turdus merula,3
file1887.wav,Common Blackbird - Turdus merula,3
file1888.wav,Common Blackbird - Turdus merula,3
file1889.wav,Common Blackbird - Turdus merula,3
file1890.wav,Common Blackbird - Turdus merula,3
file1891.wav,Common Blackbird - Turdus merula,3
file1892.wav,Common Blackbird - Turdus merula,3
file1893.wav,Common Blackbird - Turdus merula,3
file1894.wav,Common Blackbird - Turdus merula,3
file1895.wav,Common Blackbird - Turdus merula,3
file1896.wav,Common Blackbird - Turdus merula,3
file1897.wav,Common Blackbird - Turdus merula,3
file1898.wav,Common Blackbird - Turdus merula,3
file1899.wav,Common Blackbird - Turdus merula,3
file1900.wav,Common Blackbird - Turdus merula,3
file1901.wav,Common Blackbird - Turdus merula,3
file1902.wav,Common Blackbird - Turdus merula,3
file1903.wav,Common Blackbird - Turdus merula,3
file1904.wav,Common Blackbird - Turdus merula,3
file1905.wav,Common Blackbird - Turdus merula,3
file1906.wav,Common Blackbird - Turdus merula,3
file1907.wav,Common Blackbird - Turdus merula,3
file1908.wav,Common Blackbird - Turdus merula,3
file1909.wav,Common Blackbird - Turdus merula,3
file1910.wav,Common Blackbird - Turdus merula,3
file1911.wav,Common Blackbird - Turdus merula,3
file1912.wav,Common Blackbird - Turdus merula,3
file1913.wav,Common Redstart - Phoenicurus phoenicurus,4
file1914.wav,Common Redstart - Phoenicurus phoenicurus,4
file1915.wav,Common Redstart - Phoenicurus phoenicurus,4
file1916.wav,Common Redstart - Phoenicurus phoenicurus,4
file1917.wav,Common Redstart - Phoenicurus phoenicurus,4
file1918.wav,Common Redstart - Phoenicurus phoenicurus,4
file1919.wav,Common Redstart - Phoenicurus phoenicurus,4
file1920.wav,Common Redstart - Phoenicurus phoenicurus,4
file1921.wav,Common Redstart - Phoenicurus phoenicurus,4
file1922.wav,Common Redstart - Phoenicurus phoenicurus,4
file1923.wav,Common Redstart - Phoenicurus phoenicurus,4
file1924.wav,Common Redstart - Phoenicurus phoenicurus,4
file1925.wav,Common Redstart - Phoenicurus phoenicurus,4
file1926.wav,Common Redstart - Phoenicurus phoenicurus,4
file1927.wav,Common Redstart - Phoenicurus phoenicurus,4
file1928.wav,Common Redstart - Phoenicurus phoenicurus,4
file1929.wav,Common Redstart - Phoenicurus phoenicurus,4
file1930.wav,Common Redstart - Phoenicurus phoenicurus,4
file1931.wav,Common Redstart - Phoenicurus phoenicurus,4
file1932.wav,Common Redstart - Phoenicurus phoenicurus,4
file1933.wav,Common Redstart - Phoenicurus phoenicurus,4
file1934.wav,Common Redstart - Phoenicurus phoenicurus,4
file1935.wav,Common Redstart - Phoenicurus phoenicurus,4
file1936.wav,Common Redstart - Phoenicurus phoenicurus,4
file1937.wav,Common Redstart - Phoenicurus phoenicurus,4
file1938.wav,Common Redstart - Phoenicurus phoenicurus,4
file1939.wav,Common Redstart - Phoenicurus phoenicurus,4
file1940.wav,Common Redstart - Phoenicurus phoenicurus,4
file1941.wav,Common Redstart - Phoenicurus phoenicurus,4
file1942.wav,Common Redstart - Phoenicurus phoenicurus,4
file1943.wav,Common Redstart - Phoenicurus phoenicurus,4
file1944.wav,Common Redstart - Phoenicurus phoenicurus,4
file1945.wav,Common Redstart - Phoenicurus phoenicurus,4
file1946.wav,Common Redstart - Phoenicurus phoenicurus,4
file1947.wav,Common Redstart - Phoenicurus phoenicurus,4
file1948.wav,Common Redstart - Phoenicurus phoenicurus,4
file1949.wav,Common Redstart - Phoenicurus phoenicurus,4
file1950.wav,Common Redstart - Phoenicurus phoenicurus,4
file1951.wav,Common Redstart - Phoenicurus phoenicurus,4
file1952.wav,Common Redstart - Phoenicurus phoenicurus,4
file1953.wav,Common Redstart - Phoenicurus phoenicurus,4
file1954.wav,Common Redstart - Phoenicurus phoenicurus,4
file1955.wav,Common Redstart - Phoenicurus phoenicurus,4
file1956.wav,Common Redstart - Phoenicurus phoenicurus,4
file1957.wav,Common Redstart - Phoenicurus phoenicurus,4
file1958.wav,Common Redstart - Phoenicurus phoenicurus,4
file1959.wav,Common Redstart - Phoenicurus phoenicurus,4
file1960.wav,Common Redstart - Phoenicurus phoenicurus,4
file1961.wav,Common Redstart - Phoenicurus phoenicurus,4
file1962.wav,Common Redstart - Phoenicurus phoenicurus,4
file1963.wav,Common Redstart - Phoenicurus phoenicurus,4
file1964.wav,Common Redstart - Phoenicurus phoenicurus,4
file1965.wav,Common Redstart - Phoenicurus phoenicurus,4
file1966.wav,Common Redstart - Phoenicurus phoenicurus,4
file1967.wav,Common Redstart - Phoenicurus phoenicurus,4
file1968.wav,Common Redstart - Phoenicurus phoenicurus,4
file1969.wav,Common Redstart - Phoenicurus phoenicurus,4
file1970.wav,Common Redstart - Phoenicurus phoenicurus,4
file1971.wav,Common Redstart - Phoenicurus phoenicurus,4
file1972.wav,Common Redstart - Phoenicurus phoenicurus,4
file1973.wav,Common Redstart - Phoenicurus phoenicurus,4
file1974.wav,Common Redstart - Phoenicurus phoenicurus,4
file1975.wav,Common Redstart - Phoenicurus phoenicurus,4
file1976.wav,Common Redstart - Phoenicurus phoenicurus,4
file1977.wav,Common Redstart - Phoenicurus phoenicurus,4
file1978.wav,Common Redstart - Phoenicurus phoenicurus,4
file1979.wav,Common Redstart - Phoenicurus phoenicurus,4
file1980.wav,Common Redstart - Phoenicurus phoenicurus,4
file1981.wav,Common Redstart - Phoenicurus phoenicurus,4
file1982.wav,Common Redstart - Phoenicurus phoenicurus,4
file1983.wav,Common Redstart - Phoenicurus phoenicurus,4
file1984.wav,Common Redstart - Phoenicurus phoenicurus,4
file1985.wav,Common Redstart - Phoenicurus phoenicurus,4
file1986.wav,Common Redstart - Phoenicurus phoenicurus,4
file1987.wav,Common Redstart - Phoenicurus phoenicurus,4
file1988.wav,Common Redstart - Phoenicurus phoenicurus,4
file1989.wav,Common Redstart - Phoenicurus phoenicurus,4
file1990.wav,Common Redstart - Phoenicurus phoenicurus,4
file1991.wav,Common Redstart - Phoenicurus phoenicurus,4
file1992.wav,Common Redstart - Phoenicurus phoenicurus,4
file1993.wav,Common Redstart - Phoenicurus phoenicurus,4
file1994.wav,Common Redstart - Phoenicurus phoenicurus,4
file1995.wav,Common Redstart - Phoenicurus phoenicurus,4
file1996.wav,Common Redstart - Phoenicurus phoenicurus,4
file1997.wav,Common Redstart - Phoenicurus phoenicurus,4
file1998.wav,Common Redstart - Phoenicurus phoenicurus,4
file1999.wav,Common Redstart - Phoenicurus phoenicurus,4
file2000.wav,Common Redstart - Phoenicurus phoenicurus,4
file2001.wav,Common Redstart - Phoenicurus phoenicurus,4
file2002.wav,Common Redstart - Phoenicurus phoenicurus,4
file2003.wav,Common Redstart - Phoenicurus phoenicurus,4
file2004.wav,Common Redstart - Phoenicurus phoenicurus,4
file2005.wav,Common Redstart - Phoenicurus phoenicurus,4
file2006.wav,Common Redstart - Phoenicurus phoenicurus,4
file2007.wav,Common Redstart - Phoenicurus phoenicurus,4
file2008.wav,Common Redstart - Phoenicurus phoenicurus,4
file2009.wav,Common Redstart - Phoenicurus phoenicurus,4
file2010.wav,Common Redstart - Phoenicurus phoenicurus,4
file2011.wav,Common Redstart - Phoenicurus phoenicurus,4
file2012.wav,Common Redstart - Phoenicurus phoenicurus,4
file2013.wav,Greenish Warbler - Phylloscopus trochiloides viridanus,5
file2014.wav,Greenish Warbler - Phylloscopus trochiloides viridanus,5
file2015.wav,Greenish Warbler - Phylloscopus trochiloides viridanus,5
file2016.wav,Greenish Warbler - Phylloscopus trochiloides viridanus,5
file2017.wav,Greenish Warbler - Phylloscopus trochiloides viridanus,5
file2018.wav,Greenish Warbler - Phylloscopus trochiloides viridanus,5
file2019.wav,Greenish Warbler - Phylloscopus trochiloides viridanus,5
file2020.wav,Greenish Warbler - Phylloscopus trochiloides viridanus,5
file2021.wav,Greenish Warbler - Phylloscopus trochiloides viridanus,5
file2022.wav,Greenish Warbler - Phylloscopus trochiloides viridanus,5
file2023.wav,Greenish Warbler - Phylloscopus trochiloides viridanus,5
file2024.wav,Greenish Warbler - Phylloscopus trochiloides viridanus,5
file2025.wav,Greenish Warbler - Phylloscopus trochiloides viridanus,5
file2026.wav,Greenish Warbler - Phylloscopus trochiloides viridanus,5
file2027.wav,Greenish Warbler - Phylloscopus trochiloides viridanus,5
file2028.wav,Greenish Warbler - Phylloscopus trochiloides viridanus,5
file2029.wav,Greenish Warbler - Phylloscopus trochiloides viridanus,5
file2030.wav,Greenish Warbler - Phylloscopus trochiloides viridanus,5
file2031.wav,Greenish Warbler - Phylloscopus trochiloides viridanus,5
file2032.wav,Greenish Warbler - Phylloscopus trochiloides viridanus,5
file2033.wav,Greenish Warbler - Phylloscopus trochiloides viridanus,5
file2034.wav,Greenish Warbler - Phylloscopus trochiloides viridanus,5
file2035.wav,Greenish Warbler - Phylloscopus trochiloides viridanus,5
file2036.wav,Greenish Warbler - Phylloscopus trochiloides viridanus,5
file2037.wav,Greenish Warbler - Phylloscopus trochiloides viridanus,5
file2038.wav,Greenish Warbler - Phylloscopus trochiloides viridanus,5
file2039.wav,Greenish Warbler - Phylloscopus trochiloides viridanus,5
file2040.wav,Greenish Warbler - Phylloscopus trochiloides viridanus,5
file2041.wav,Greenish Warbler - Phylloscopus trochiloides viridanus,5
file2042.wav,Greenish Warbler - Phylloscopus trochiloides viridanus,5
file2043.wav,Greenish Warbler - Phylloscopus trochiloides viridanus,5
file2044.wav,Greenish Warbler - Phylloscopus trochiloides viridanus,5
file2045.wav,Greenish Warbler - Phylloscopus trochiloides viridanus,5
file2046.wav,Greenish Warbler - Phylloscopus trochiloides viridanus,5
file2047.wav,Greenish Warbler - Phylloscopus trochiloides viridanus,5
file2048.wav,Greenish Warbler - Phylloscopus trochiloides viridanus,5
file2049.wav,Greenish Warbler - Phylloscopus trochiloides viridanus,5
file2050.wav,Greenish Warbler - Phylloscopus trochiloides viridanus,5
file2051.wav,Greenish Warbler - Phylloscopus trochiloides viridanus,5
file2052.wav,Greenish Warbler - Phylloscopus trochiloides viridanus,5
file2053.wav,Greenish Warbler - Phylloscopus trochiloides viridanus,5
file2054.wav,Greenish Warbler - Phylloscopus trochiloides viridanus,5
file2055.wav,Greenish Warbler - Phylloscopus trochiloides viridanus,5
file2056.wav,Greenish Warbler - Phylloscopus trochiloides viridanus,5
file2057.wav,Greenish Warbler - Phylloscopus trochiloides viridanus,5
file2058.wav,Greenish Warbler - Phylloscopus trochiloides viridanus,5
file2059.wav,Greenish Warbler - Phylloscopus trochiloides viridanus,5
file2060.wav,Greenish Warbler - Phylloscopus trochiloides viridanus,5
file2061.wav,Greenish Warbler - Phylloscopus trochiloides viridanus,5
file2062.wav,Greenish Warbler - Phylloscopus trochiloides viridanus,5
file2063.wav,Greenish Warbler - Phylloscopus trochiloides viridanus,5
file2064.wav,Greenish Warbler - Phylloscopus trochiloides viridanus,5
file2065.wav,Greenish Warbler - Phylloscopus trochiloides viridanus,5
file2066.wav,Greenish Warbler - Phylloscopus trochiloides viridanus,5
file2067.wav,Greenish Warbler - Phylloscopus trochiloides viridanus,5
file2068.wav,Greenish Warbler - Phylloscopus trochiloides viridanus,5
file2069.wav,Greenish Warbler - Phylloscopus trochiloides viridanus,5
file2070.wav,Greenish Warbler - Phylloscopus trochiloides viridanus,5
file2071.wav,Greenish Warbler - Phylloscopus trochiloides viridanus,5
file2072.wav,Greenish Warbler - Phylloscopus trochiloides viridanus,5
file2073.wav,Greenish Warbler - Phylloscopus trochiloides viridanus,5
file2074.wav,Greenish Warbler - Phylloscopus trochiloides viridanus,5
file2075.wav,Greenish Warbler - Phylloscopus trochiloides viridanus,5
file2076.wav,Greenish Warbler - Phylloscopus trochiloides viridanus,5
file2077.wav,Greenish Warbler - Phylloscopus trochiloides viridanus,5
file2078.wav,Greenish Warbler - Phylloscopus trochiloides viridanus,5
file2079.wav,Greenish Warbler - Phylloscopus trochiloides viridanus,5
file2080.wav,Greenish Warbler - Phylloscopus trochiloides viridanus,5
file2081.wav,Greenish Warbler - Phylloscopus trochiloides viridanus,5
file2082.wav,Greenish Warbler - Phylloscopus trochiloides viridanus,5
file2083.wav,Greenish Warbler - Phylloscopus trochiloides viridanus,5
file2084.wav,Greenish Warbler - Phylloscopus trochiloides viridanus,5
file2085.wav,Greenish Warbler - Phylloscopus trochiloides viridanus,5
file2086.wav,Greenish Warbler - Phylloscopus trochiloides viridanus,5
file2087.wav,Greenish Warbler - Phylloscopus trochiloides viridanus,5
file2088.wav,Greenish Warbler - Phylloscopus trochiloides viridanus,5
file2089.wav,Greenish Warbler - Phylloscopus trochiloides viridanus,5
file2090.wav,Greenish Warbler - Phylloscopus trochiloides viridanus,5
file2091.wav,Greenish Warbler - Phylloscopus trochiloides viridanus,5
file2092.wav,Greenish Warbler - Phylloscopus trochiloides viridanus,5
file2093.wav,Greenish Warbler - Phylloscopus trochiloides viridanus,5
file2094.wav,Greenish Warbler - Phylloscopus trochiloides viridanus,5
file2095.wav,Greenish Warbler - Phylloscopus trochiloides viridanus,5
file2096.wav,Greenish Warbler - Phylloscopus trochiloides viridanus,5
file2097.wav,Greenish Warbler - Phylloscopus trochiloides viridanus,5
file2098.wav,Greenish Warbler - Phylloscopus trochiloides viridanus,5
file2099.wav,Greenish Warbler - Phylloscopus trochiloides viridanus,5
file2100.wav,Greenish Warbler - Phylloscopus trochiloides viridanus,5
file2101.wav,Greenish Warbler - Phylloscopus trochiloides viridanus,5
file2102.wav,Greenish Warbler - Phylloscopus trochiloides viridanus,5
file2103.wav,Greenish Warbler - Phylloscopus trochiloides viridanus,5
file2104.wav,Greenish Warbler - Phylloscopus trochiloides viridanus,5
file2105.wav,Blue Jay - Cyanocitta cristata,6
file2106.wav,Blue Jay - Cyanocitta cristata,6
file2107.wav,Blue Jay - Cyanocitta cristata,6
file2108.wav,Blue Jay - Cyanocitta cristata,6
file2109.wav,Blue Jay - Cyanocitta cristata,6
file2110.wav,Blue Jay - Cyanocitta cristata,6
file2111.wav,Blue Jay - Cyanocitta cristata,6
file2112.wav,Blue Jay - Cyanocitta cristata,6
file2113.wav,Blue Jay - Cyanocitta cristata,6
file2114.wav,Blue Jay - Cyanocitta cristata,6
file2115.wav,Blue Jay - Cyanocitta cristata,6
file2116.wav,Blue Jay - Cyanocitta cristata,6
file2117.wav,Blue Jay - Cyanocitta cristata,6
file2118.wav,Blue Jay - Cyanocitta cristata,6
file2119.wav,Blue Jay - Cyanocitta cristata,6
file2120.wav,Blue Jay - Cyanocitta cristata,7
file2121.wav,Blue Jay - Cyanocitta cristata,7
file2122.wav,Blue Jay - Cyanocitta cristata,7
file2123.wav,Blue Jay - Cyanocitta cristata,7
file2124.wav,Blue Jay - Cyanocitta cristata,7
file2125.wav,Blue Jay - Cyanocitta cristata,7
file2126.wav,Blue Jay - Cyanocitta cristata,7
file2127.wav,Blue Jay - Cyanocitta cristata,7
file2128.wav,Blue Jay - Cyanocitta cristata,7
file2129.wav,Blue Jay - Cyanocitta cristata,7
file2130.wav,Blue Jay - Cyanocitta cristata,7
file2131.wav,Blue Jay - Cyanocitta cristata,7
file2132.wav,Blue Jay - Cyanocitta cristata,7
file2133.wav,Blue Jay - Cyanocitta cristata,7
file2134.wav,Blue Jay - Cyanocitta cristata,7
file2135.wav,Blue Jay - Cyanocitta cristata,7
file2136.wav,Blue Jay - Cyanocitta cristata,7
file2137.wav,Blue Jay - Cyanocitta cristata,7
file2138.wav,Blue Jay - Cyanocitta cristata,7
file2139.wav,Blue Jay - Cyanocitta cristata,7
file2140.wav,Blue Jay - Cyanocitta cristata,7
file2141.wav,Blue Jay - Cyanocitta cristata,7
file2142.wav,Blue Jay - Cyanocitta cristata,7
file2143.wav,Blue Jay - Cyanocitta cristata,7
file2144.wav,Blue Jay - Cyanocitta cristata,7
file2145.wav,Blue Jay - Cyanocitta cristata,7
file2146.wav,Blue Jay - Cyanocitta cristata,7
file2147.wav,Blue Jay - Cyanocitta cristata,7
file2148.wav,Blue Jay - Cyanocitta cristata,7
file2149.wav,Blue Jay - Cyanocitta cristata,7
file2150.wav,Blue Jay - Cyanocitta cristata,7
file2151.wav,Blue Jay - Cyanocitta cristata,7
file2152.wav,Blue Jay - Cyanocitta cristata,7
file2153.wav,Blue Jay - Cyanocitta cristata,7
file2154.wav,Blue Jay - Cyanocitta cristata,7
file2155.wav,Blue Jay - Cyanocitta cristata,7
file2156.wav,Blue Jay - Cyanocitta cristata,7
file2157.wav,Blue Jay - Cyanocitta cristata,7
file2158.wav,Blue Jay - Cyanocitta cristata,7
file2159.wav,Blue Jay - Cyanocitta cristata,7
file2160.wav,Blue Jay - Cyanocitta cristata,7
file2161.wav,Blue Jay - Cyanocitta cristata,7
file2162.wav,Blue Jay - Cyanocitta cristata,7
file2163.wav,Blue Jay - Cyanocitta cristata,7
file2164.wav,Blue Jay - Cyanocitta cristata,7
file2165.wav,Blue Jay - Cyanocitta cristata,7
file2166.wav,Blue Jay - Cyanocitta cristata,7
file2167.wav,Blue Jay - Cyanocitta cristata,7
file2168.wav,Blue Jay - Cyanocitta cristata,7
file2169.wav,Blue Jay - Cyanocitta cristata,7
file2170.wav,Blue Jay - Cyanocitta cristata,7
file2171.wav,Blue Jay - Cyanocitta cristata,7
file2172.wav,Blue Jay - Cyanocitta cristata,7
file2173.wav,Blue Jay - Cyanocitta cristata,7
file2174.wav,Blue Jay - Cyanocitta cristata,7
file2175.wav,Blue Jay - Cyanocitta cristata,7
file2176.wav,Blue Jay - Cyanocitta cristata,7
file2177.wav,Blue Jay - Cyanocitta cristata,7
file2178.wav,Blue Jay - Cyanocitta cristata,7
file2179.wav,Blue Jay - Cyanocitta cristata,7
file2180.wav,Blue Jay - Cyanocitta cristata,7
file2181.wav,Blue Jay - Cyanocitta cristata,7
file2182.wav,Blue Jay - Cyanocitta cristata,7
file2183.wav,Blue Jay - Cyanocitta cristata,7
file2184.wav,Blue Jay - Cyanocitta cristata,7
file2185.wav,Blue Jay - Cyanocitta cristata,7
file2186.wav,Blue Jay - Cyanocitta cristata,7
file2187.wav,Blue Jay - Cyanocitta cristata,7
file2188.wav,Blue Jay - Cyanocitta cristata,7
file2189.wav,Blue Jay - Cyanocitta cristata,7
file2190.wav,Blue Jay - Cyanocitta cristata,7
file2191.wav,Blue Jay - Cyanocitta cristata,7
file2192.wav,Blue Jay - Cyanocitta cristata,7
file2193.wav,Blue Jay - Cyanocitta cristata,7
file2194.wav,Blue Jay - Cyanocitta cristata,7
file2195.wav,Blue Jay - Cyanocitta cristata,7
file2196.wav,Blue Jay - Cyanocitta cristata,7
file2197.wav,Blue Jay - Cyanocitta cristata,7
file2198.wav,Blue Jay - Cyanocitta cristata,7
file2199.wav,Blue Jay - Cyanocitta cristata,7
file2200.wav,Blue Jay - Cyanocitta cristata,7
file2201.wav,Blue Jay - Cyanocitta cristata,7
file2202.wav,Blue Jay - Cyanocitta cristata,7
file2203.wav,Blue Jay - Cyanocitta cristata,7
file2204.wav,Blue Jay - Cyanocitta cristata,7
file2205.wav,Blue Jay - Cyanocitta cristata,7
file2206.wav,Blue Jay - Cyanocitta cristata,7
file2207.wav,Blue Jay - Cyanocitta cristata,7
file2208.wav,Blue Jay - Cyanocitta cristata,7
file2209.wav,Blue Jay - Cyanocitta cristata,7
file2210.wav,Blue Jay - Cyanocitta cristata,7
file2211.wav,Blue Jay - Cyanocitta cristata,7
file2212.wav,Blue Jay - Cyanocitta cristata,7
file2213.wav,Blue Jay - Cyanocitta cristata,7
file2214.wav,Blue Jay - Cyanocitta cristata,7
file2215.wav,Blue Jay - Cyanocitta cristata,7
file2216.wav,Blue Jay - Cyanocitta cristata,7
file2217.wav,Blue Jay - Cyanocitta cristata,7
file2218.wav,Blue Jay - Cyanocitta cristata,7
file2219.wav,Blue Jay - Cyanocitta cristata,7
file2220.wav,Blue Jay - Cyanocitta cristata,7
file2221.wav,Blue Jay - Cyanocitta cristata,7
file2222.wav,Blue Jay - Cyanocitta cristata,7
file2223.wav,Blue Jay - Cyanocitta cristata,7
file2224.wav,Blue Jay - Cyanocitta cristata,7
file2225.wav,Blue Jay - Cyanocitta cristata,7
file2226.wav,Blue Jay - Cyanocitta cristata,7
file2227.wav,Blue Jay - Cyanocitta cristata,7
file2228.wav,Common Snipe - Gallinago gallinago,8
file2229.wav,Common Snipe - Gallinago gallinago,8
file2230.wav,Common Snipe - Gallinago gallinago,8
file2231.wav,Common Snipe - Gallinago gallinago,8
file2232.wav,Common Snipe - Gallinago gallinago,8
file2233.wav,Common Snipe - Gallinago gallinago,8
file2234.wav,Common Snipe - Gallinago gallinago,8
file2235.wav,Common Snipe - Gallinago gallinago,8
file2236.wav,Common Snipe - Gallinago gallinago,8
file2237.wav,Common Snipe - Gallinago gallinago,8
file2238.wav,Common Snipe - Gallinago gallinago,8
file2239.wav,Common Snipe - Gallinago gallinago,8
file2240.wav,Common Snipe - Gallinago gallinago,8
file2241.wav,Common Snipe - Gallinago gallinago,8
file2242.wav,Common Snipe - Gallinago gallinago,8
file2243.wav,Common Snipe - Gallinago gallinago,8
file2244.wav,Common Snipe - Gallinago gallinago,8
file2245.wav,Common Snipe - Gallinago gallinago,8
file2246.wav,Common Snipe - Gallinago gallinago,8
file2247.wav,Common Snipe - Gallinago gallinago,8
file2248.wav,Common Snipe - Gallinago gallinago,8
file2249.wav,Common Snipe - Gallinago gallinago,8
file2250.wav,Common Snipe - Gallinago gallinago,8
file2251.wav,Common Snipe - Gallinago gallinago,8
file2252.wav,Common Snipe - Gallinago gallinago,8
file2253.wav,Common Snipe - Gallinago gallinago,8
file2254.wav,Common Snipe - Gallinago gallinago,8
file2255.wav,Common Snipe - Gallinago gallinago,8
file2256.wav,Common Snipe - Gallinago gallinago,8
file2257.wav,Common Snipe - Gallinago gallinago,8
file2258.wav,Common Snipe - Gallinago gallinago,8
file2259.wav,Common Snipe - Gallinago gallinago,8
file2260.wav,Common Snipe - Gallinago gallinago,8
file2261.wav,Common Snipe - Gallinago gallinago,8
file2262.wav,Common Snipe - Gallinago gallinago,8
file2263.wav,Common Snipe - Gallinago gallinago,8
file2264.wav,Common Snipe - Gallinago gallinago,8
file2265.wav,Common Snipe - Gallinago gallinago,8
file2266.wav,Common Snipe - Gallinago gallinago,8
file2267.wav,Common Snipe - Gallinago gallinago,8
file2268.wav,Common Snipe - Gallinago gallinago,8
file2269.wav,Common Snipe - Gallinago gallinago,8
file2270.wav,Common Snipe - Gallinago gallinago,8
file2271.wav,Common Snipe - Gallinago gallinago,8
file2272.wav,Common Snipe - Gallinago gallinago,8
file2273.wav,Common Snipe - Gallinago gallinago,8
file2274.wav,Common Snipe - Gallinago gallinago,8
file2275.wav,Common Snipe - Gallinago gallinago,8
file2276.wav,Common Snipe - Gallinago gallinago,8
file2277.wav,Common Snipe - Gallinago gallinago,8
file2278.wav,Common Snipe - Gallinago gallinago,8
file2279.wav,Common Snipe - Gallinago gallinago,8
file2280.wav,Common Snipe - Gallinago gallinago,8
file2281.wav,Common Snipe - Gallinago gallinago,8
file2282.wav,Common Snipe - Gallinago gallinago,8
file2283.wav,Common Snipe - Gallinago gallinago,8
file2284.wav,Common Snipe - Gallinago gallinago,8
file2285.wav,Common Snipe - Gallinago gallinago,8
file2286.wav,Common Snipe - Gallinago gallinago,8
file2287.wav,Common Snipe - Gallinago gallinago,8
file2288.wav,Common Snipe - Gallinago gallinago,8
file2289.wav,Common Snipe - Gallinago gallinago,8
file2290.wav,Common Snipe - Gallinago gallinago,8
file2291.wav,Common Snipe - Gallinago gallinago,8
file2292.wav,Common Snipe - Gallinago gallinago,8
file2293.wav,Common Snipe - Gallinago gallinago,8
file2294.wav,Common Snipe - Gallinago gallinago,8
file2295.wav,Common Snipe - Gallinago gallinago,8
file2296.wav,Common Snipe - Gallinago gallinago,8
file2297.wav,Common Snipe - Gallinago gallinago,8
file2298.wav,Common Snipe - Gallinago gallinago,8
file2299.wav,Common Snipe - Gallinago gallinago,8
file2300.wav,Common Snipe - Gallinago gallinago,8
file2301.wav,Common Snipe - Gallinago gallinago,8
file2302.wav,Common Snipe - Gallinago gallinago,8
file2303.wav,Common Snipe - Gallinago gallinago,8
file2304.wav,Common Snipe - Gallinago gallinago,8
file2305.wav,Common Snipe - Gallinago gallinago,8
file2306.wav,Common Snipe - Gallinago gallinago,8
file2307.wav,Common Snipe - Gallinago gallinago,8
file2308.wav,Whistling Duck - Dendrocygna viduata,9
file2309.wav,Whistling Duck - Dendrocygna viduata,9
file2310.wav,Whistling Duck - Dendrocygna viduata,9
file2311.wav,Whistling Duck - Dendrocygna viduata,9
file2312.wav,Whistling Duck - Dendrocygna viduata,9
file2313.wav,Whistling Duck - Dendrocygna viduata,9
file2314.wav,Whistling Duck - Dendrocygna viduata,9
file2315.wav,Whistling Duck - Dendrocygna viduata,9
file2316.wav,Whistling Duck - Dendrocygna viduata,9
file2317.wav,Whistling Duck - Dendrocygna viduata,9
file2318.wav,Whistling Duck - Dendrocygna viduata,9
file2319.wav,Whistling Duck - Dendrocygna viduata,9
file2320.wav,Whistling Duck - Dendrocygna viduata,9
file2321.wav,Whistling Duck - Dendrocygna viduata,9
file2322.wav,Whistling Duck - Dendrocygna viduata,9
file2323.wav,Whistling Duck - Dendrocygna viduata,9
file2324.wav,Whistling Duck - Dendrocygna viduata,9
file2325.wav,Whistling Duck - Dendrocygna viduata,9
file2326.wav,Whistling Duck - Dendrocygna viduata,9
file2327.wav,Whistling Duck - Dendrocygna viduata,9
file2328.wav,Whistling Duck - Dendrocygna viduata,9
file2329.wav,Whistling Duck - Dendrocygna viduata,9
file2330.wav,Whistling Duck - Dendrocygna viduata,9
file2331.wav,Whistling Duck - Dendrocygna viduata,9
file2332.wav,Whistling Duck - Dendrocygna viduata,9
file2333.wav,Whistling Duck - Dendrocygna viduata,9
file2334.wav,Whistling Duck - Dendrocygna viduata,9
file2335.wav,Whistling Duck - Dendrocygna viduata,9
file2336.wav,Whistling Duck - Dendrocygna viduata,9
file2337.wav,Whistling Duck - Dendrocygna viduata,9
file2338.wav,Whistling Duck - Dendrocygna viduata,9
file2339.wav,Whistling Duck - Dendrocygna viduata,9
file2340.wav,Whistling Duck - Dendrocygna viduata,9
file2341.wav,Whistling Duck - Dendrocygna viduata,9
file2342.wav,Whistling Duck - Dendrocygna viduata,9
file2343.wav,Whistling Duck - Dendrocygna viduata,9
file2344.wav,Whistling Duck - Dendrocygna viduata,9
file2345.wav,Whistling Duck - Dendrocygna viduata,9
file2346.wav,Whistling Duck - Dendrocygna viduata,9
file2347.wav,Whistling Duck - Dendrocygna viduata,9
file2348.wav,Whistling Duck - Dendrocygna viduata,9
file2349.wav,Whistling Duck - Dendrocygna viduata,9
file2350.wav,Whistling Duck - Dendrocygna viduata,9
file2351.wav,Whistling Duck - Dendrocygna viduata,9
file2352.wav,Whistling Duck - Dendrocygna viduata,9
file2353.wav,Whistling Duck - Dendrocygna viduata,9
file2354.wav,Whistling Duck - Dendrocygna viduata,9
file2355.wav,Whistling Duck - Dendrocygna viduata,9
file2356.wav,Whistling Duck - Dendrocygna viduata,9
file2357.wav,Whistling Duck - Dendrocygna viduata,9
